Id,When,Estimates,NAICS,Alberta,BritishColumbia,Canada,Manitoba,NewBrunswick,NewfoundlandAndLabrador,NovaScotia,Ontario,PrinceEdwardIsland,Quebec,Saskatchewan,ModifiedDate
1333,1/1/1997 12:00:00 AM,Labour productivity,Accommodation and food services,21.9,20.5,18.5,14.2,13.2,15.8,16.4,19.3,13.7,16.5,16,5/20/2021 10:17:11 AM
1334,1/1/1997 12:00:00 AM,Labour productivity,"Administrative and support, waste management and remediation services",38.4,31.9,32.2,25.9,25.3,27.1,23.2,32.8,24.8,32.2,20.8,5/20/2021 10:17:11 AM
1335,1/1/1997 12:00:00 AM,Labour productivity,"Agriculture, forestry, fishing and hunting",23.6,26.1,23.4,22.6,16.8,20.6,18.5,19.2,24.6,25.3,43.7,5/20/2021 10:17:11 AM
1336,1/1/1997 12:00:00 AM,Labour productivity,"Arts, entertainment and recreation",39.9,32.5,35.5,29.8,37.7,25.2,31.5,36.4,17.7,33.2,69.2,5/20/2021 10:17:11 AM
1337,1/1/1997 12:00:00 AM,Labour productivity,Business sector industries,65.2,38,42.9,34.7,33.7,52.5,31.4,41.2,29.7,38.6,61.1,5/20/2021 10:17:11 AM
1338,1/1/1997 12:00:00 AM,Labour productivity,Construction,54.5,41.5,46.7,38.4,38.9,48.7,39.6,48.8,27.8,42.6,66.5,5/20/2021 10:17:11 AM
1339,1/1/1997 12:00:00 AM,Labour productivity,Educational services,15.4,19.7,20.2,13,21.7,36.6,19.3,19.1,25.2,19.8,55.8,5/20/2021 10:17:11 AM
1340,1/1/1997 12:00:00 AM,Labour productivity,Finance and insurance,44.7,46.6,49.1,49.6,54.4,49.3,48.4,53,68.7,45.3,40,5/20/2021 10:17:11 AM
1341,1/1/1997 12:00:00 AM,Labour productivity,Health care and social assistance,42,49.7,47.4,41.1,38.4,42.7,37.7,45.9,46.3,52.2,34,5/20/2021 10:17:11 AM
1342,1/1/1997 12:00:00 AM,Labour productivity,Information and cultural industries,67.8,52.3,63.8,60.7,50.5,65.9,65.9,69.6,69.1,66.4,40.4,5/20/2021 10:17:11 AM
1343,1/1/1997 12:00:00 AM,Labour productivity,Manufacturing,73.4,32.4,44.9,42.5,44.4,33.7,26.2,45,39.2,43.3,55.7,5/20/2021 10:17:11 AM
1344,1/1/1997 12:00:00 AM,Labour productivity,Mining and oil and gas extraction,374.5,213.4,317,176.9,271.1,230.5,61.7,199.1,103.4,181.1,782.8,5/20/2021 10:17:11 AM
1345,1/1/1997 12:00:00 AM,Labour productivity,Other private services,22,20.1,18.7,19.9,16.1,15.8,15.5,18.8,16,17,21.3,5/20/2021 10:17:11 AM
1346,1/1/1997 12:00:00 AM,Labour productivity,"Professional, scientific and technical services",46.2,40.1,44,39.8,33.1,58.8,39.8,45.2,38,44.5,37.7,5/20/2021 10:17:11 AM
1347,1/1/1997 12:00:00 AM,Labour productivity,"Real estate, rental and leasing",117.8,125.2,126.7,112.9,106.8,111.8,111.5,130.7,87.2,137.5,99.7,5/20/2021 10:17:11 AM
1348,1/1/1997 12:00:00 AM,Labour productivity,Retail trade,21.8,20.8,19.5,18.8,17.4,19.8,17.5,18.6,20.2,19.3,21.3,5/20/2021 10:17:11 AM
1349,1/1/1997 12:00:00 AM,Labour productivity,Transportation and warehousing,50,40,38,27,26.6,39.6,31,40.2,41.4,32.2,42.1,5/20/2021 10:17:11 AM
1350,1/1/1997 12:00:00 AM,Labour productivity,Utilities,132,163.6,166.2,154.2,144.3,87.8,167.3,150.9,74.6,236.8,223.5,5/20/2021 10:17:11 AM
1351,1/1/1997 12:00:00 AM,Labour productivity,Wholesale trade,42.7,28.9,34.2,31.1,26.9,25,24,34.5,20.7,35.3,33.3,5/20/2021 10:17:11 AM
1352,1/1/1998 12:00:00 AM,Labour productivity,Accommodation and food services,22.8,20.3,18.9,15.1,13.9,16.5,16.3,19.4,14,17,16,5/20/2021 10:17:11 AM
1353,1/1/1998 12:00:00 AM,Labour productivity,"Administrative and support, waste management and remediation services",37.8,29.9,30.6,24.7,23.4,26.8,22.7,31.1,21.3,30.4,20.7,5/20/2021 10:17:11 AM
1354,1/1/1998 12:00:00 AM,Labour productivity,"Agriculture, forestry, fishing and hunting",23.4,28.4,24.6,26.7,16.1,21.5,18.5,20.7,22.6,26.4,48.2,5/20/2021 10:17:11 AM
1355,1/1/1998 12:00:00 AM,Labour productivity,"Arts, entertainment and recreation",32.6,27.9,33.2,33.1,30.1,16.7,26.5,34.5,20.2,35.4,51.4,5/20/2021 10:17:11 AM
1356,1/1/1998 12:00:00 AM,Labour productivity,Business sector industries,67,38.8,43.8,36.5,34.6,54.3,31.7,41.8,30.3,39.2,64.4,5/20/2021 10:17:11 AM
1357,1/1/1998 12:00:00 AM,Labour productivity,Construction,53.3,39.1,46.4,39.4,41,50.8,46,48.4,28.1,43.6,64.1,5/20/2021 10:17:11 AM
1358,1/1/1998 12:00:00 AM,Labour productivity,Educational services,15.6,18.2,18.7,11.8,23.1,31.3,19.9,17.9,20.3,18.4,53.1,5/20/2021 10:17:11 AM
1359,1/1/1998 12:00:00 AM,Labour productivity,Finance and insurance,52.3,48.8,53.2,51.6,55.4,50.1,52.4,57.5,70.5,48.7,43.5,5/20/2021 10:17:11 AM
1360,1/1/1998 12:00:00 AM,Labour productivity,Health care and social assistance,43.8,46.6,47.2,42.8,37,39.9,36.4,46.9,45.6,50.7,35.1,5/20/2021 10:17:11 AM
1361,1/1/1998 12:00:00 AM,Labour productivity,Information and cultural industries,70.5,54.5,64.4,60.2,59.6,75.6,66.4,69.8,69,62.7,42.7,5/20/2021 10:17:11 AM
1362,1/1/1998 12:00:00 AM,Labour productivity,Manufacturing,76,33.9,47,44,47.6,32.4,27.8,46.9,50,45.3,59.5,5/20/2021 10:17:11 AM
1363,1/1/1998 12:00:00 AM,Labour productivity,Mining and oil and gas extraction,407.1,238.5,350.5,205.8,257,342.8,79.1,220.4,167.8,206.8,833.6,5/20/2021 10:17:11 AM
1364,1/1/1998 12:00:00 AM,Labour productivity,Other private services,24,20.2,19.2,21.8,16.2,15.5,15.2,18.7,15.2,18,21,5/20/2021 10:17:11 AM
1365,1/1/1998 12:00:00 AM,Labour productivity,"Professional, scientific and technical services",49.7,39.2,43.8,40.8,34.5,54.4,38.1,44.4,39.2,43.4,40.4,5/20/2021 10:17:11 AM
1366,1/1/1998 12:00:00 AM,Labour productivity,"Real estate, rental and leasing",117.8,122.6,122.2,107.2,112.2,104.7,111.9,121.3,74.6,135.6,113.2,5/20/2021 10:17:11 AM
1367,1/1/1998 12:00:00 AM,Labour productivity,Retail trade,23.5,22.5,20.2,20.3,18.3,19.7,17.6,19.1,20.8,19.4,23.3,5/20/2021 10:17:11 AM
1368,1/1/1998 12:00:00 AM,Labour productivity,Transportation and warehousing,50.1,41.7,37.6,26.9,24.3,33.8,27.9,39.5,35.4,31,44.1,5/20/2021 10:17:11 AM
1369,1/1/1998 12:00:00 AM,Labour productivity,Utilities,138.9,161.4,158,149.2,158.7,89.9,173.9,137,89.4,221.1,213.9,5/20/2021 10:17:11 AM
1370,1/1/1998 12:00:00 AM,Labour productivity,Wholesale trade,46.8,33.4,37.5,35.6,30.7,27.9,24.5,37.3,21.4,37.8,39.5,5/20/2021 10:17:11 AM
1371,1/1/1999 12:00:00 AM,Labour productivity,Accommodation and food services,21.6,20.7,19.3,14.7,14,17.1,17,20.9,15.2,17.1,15.9,5/20/2021 10:17:11 AM
1372,1/1/1999 12:00:00 AM,Labour productivity,"Administrative and support, waste management and remediation services",35.5,28.7,29.7,25.4,26.5,25.7,23.2,30.1,25.9,29.4,21.1,5/20/2021 10:17:11 AM
1373,1/1/1999 12:00:00 AM,Labour productivity,"Agriculture, forestry, fishing and hunting",27.3,27.4,27.7,32,19.5,25.6,19.8,25.1,21.2,31.5,51.5,5/20/2021 10:17:11 AM
1374,1/1/1999 12:00:00 AM,Labour productivity,"Arts, entertainment and recreation",29.2,27.4,31.9,36.7,30.7,13.5,24.5,35.5,19.2,30.4,49.3,5/20/2021 10:17:11 AM
1375,1/1/1999 12:00:00 AM,Labour productivity,Business sector industries,66.7,39.6,45.2,37.1,36.5,54.6,34,43.7,31.5,40.6,65.5,5/20/2021 10:17:11 AM
1376,1/1/1999 12:00:00 AM,Labour productivity,Construction,50.8,40.1,46.8,38.9,42.4,50.3,48,50.7,29.4,43.1,64.1,5/20/2021 10:17:11 AM
1377,1/1/1999 12:00:00 AM,Labour productivity,Educational services,15.7,19.9,20.6,12.4,25.6,27.8,22.2,20.1,19,18.8,68.6,5/20/2021 10:17:11 AM
1378,1/1/1999 12:00:00 AM,Labour productivity,Finance and insurance,52,49.5,54,52.2,59.4,49.4,58.1,58.1,78.5,49.5,45.5,5/20/2021 10:17:11 AM
1379,1/1/1999 12:00:00 AM,Labour productivity,Health care and social assistance,42,44.9,46,38.1,37.5,36.1,38.7,47,45.4,46.6,37.9,5/20/2021 10:17:11 AM
1380,1/1/1999 12:00:00 AM,Labour productivity,Information and cultural industries,70,53.5,67.1,65.4,62.1,75.7,73.5,74.5,85.6,65,43.5,5/20/2021 10:17:11 AM
1381,1/1/1999 12:00:00 AM,Labour productivity,Manufacturing,73.1,36.2,49.9,41.9,48,29.4,30.8,50.3,50.2,49.4,55.2,5/20/2021 10:17:11 AM
1382,1/1/1999 12:00:00 AM,Labour productivity,Mining and oil and gas extraction,446.3,273.5,387.4,206.2,303.6,422.6,91.2,234.7,324.2,206.6,922.8,5/20/2021 10:17:11 AM
1383,1/1/1999 12:00:00 AM,Labour productivity,Other private services,23.7,20,19.1,19.2,16.6,14.7,16.4,19.6,15.2,17.1,18.5,5/20/2021 10:17:11 AM
1384,1/1/1999 12:00:00 AM,Labour productivity,"Professional, scientific and technical services",50.1,39.9,46.2,46.7,41.6,52.5,38.2,47.2,43,46.6,39.4,5/20/2021 10:17:11 AM
1385,1/1/1999 12:00:00 AM,Labour productivity,"Real estate, rental and leasing",111.6,119.5,126.2,103.8,120.2,97.7,112.2,131.8,79.3,140.4,112.5,5/20/2021 10:17:11 AM
1386,1/1/1999 12:00:00 AM,Labour productivity,Retail trade,23.8,23.3,21.1,21.5,19.4,19.7,18.1,20.3,22,20.4,24,5/20/2021 10:17:11 AM
1387,1/1/1999 12:00:00 AM,Labour productivity,Transportation and warehousing,51.2,41.2,37.9,29.7,26,31.3,31.1,39.7,36.4,30.4,44.7,5/20/2021 10:17:11 AM
1388,1/1/1999 12:00:00 AM,Labour productivity,Utilities,125.5,164,162.6,158.1,172.4,77.3,190.1,144.5,105.8,229.3,216.4,5/20/2021 10:17:11 AM
1389,1/1/1999 12:00:00 AM,Labour productivity,Wholesale trade,47,34.8,38.2,36.2,32.2,27.5,27,38.7,21.6,36.6,42.7,5/20/2021 10:17:11 AM
1390,1/1/2000 12:00:00 AM,Labour productivity,Accommodation and food services,21.8,20.6,19.5,17.1,13.9,17,16.9,20.7,14.4,17.4,15.9,5/20/2021 10:17:11 AM
1391,1/1/2000 12:00:00 AM,Labour productivity,"Administrative and support, waste management and remediation services",38.2,29.3,30.5,25.2,27,26.6,24.1,31.3,24.4,29,19,5/20/2021 10:17:11 AM
1392,1/1/2000 12:00:00 AM,Labour productivity,"Agriculture, forestry, fishing and hunting",31.9,26.5,30.7,36.9,20.5,27.8,21.6,28.2,20.9,32.7,68.1,5/20/2021 10:17:11 AM
1393,1/1/2000 12:00:00 AM,Labour productivity,"Arts, entertainment and recreation",27.7,26.5,31.7,36.2,28.6,14.9,24.4,34.7,17.3,32.2,45.8,5/20/2021 10:17:11 AM
1394,1/1/2000 12:00:00 AM,Labour productivity,Business sector industries,69,41.1,47.1,39,36.7,61.5,35.1,45.8,31,42.2,67.2,5/20/2021 10:17:11 AM
1395,1/1/2000 12:00:00 AM,Labour productivity,Construction,53.7,40.5,47.8,36.3,40.2,45.5,46.1,51.6,29,44.7,66.4,5/20/2021 10:17:11 AM
1396,1/1/2000 12:00:00 AM,Labour productivity,Educational services,16.3,22.2,21.6,13.2,26.8,26.4,22.6,21.3,16.1,19.4,69.4,5/20/2021 10:17:11 AM
1397,1/1/2000 12:00:00 AM,Labour productivity,Finance and insurance,48,48.8,54.4,50,59.8,52.6,54.6,60.2,64.4,49.5,43.8,5/20/2021 10:17:11 AM
1398,1/1/2000 12:00:00 AM,Labour productivity,Health care and social assistance,42.7,44.3,46.2,37.7,37,38.1,38.3,47.7,43,47.2,35.3,5/20/2021 10:17:11 AM
1399,1/1/2000 12:00:00 AM,Labour productivity,Information and cultural industries,83.3,58.2,72.2,76.9,67.4,88,80.8,77.3,85.8,69,45.6,5/20/2021 10:17:11 AM
1400,1/1/2000 12:00:00 AM,Labour productivity,Manufacturing,83.3,41.3,53.3,44.5,50.6,31,29.5,53.8,50.6,51.3,56.6,5/20/2021 10:17:11 AM
1401,1/1/2000 12:00:00 AM,Labour productivity,Mining and oil and gas extraction,369.1,313.6,357.5,245.8,265.5,546.6,182.9,235.2,209,225.5,758.3,5/20/2021 10:17:11 AM
1402,1/1/2000 12:00:00 AM,Labour productivity,Other private services,25.2,21.1,20.3,20.1,16.7,15.6,16.7,20.9,15.6,18.6,18,5/20/2021 10:17:11 AM
1403,1/1/2000 12:00:00 AM,Labour productivity,"Professional, scientific and technical services",53.5,40.6,48,44.4,42.4,55.4,37.2,48.3,41.5,50,41.9,5/20/2021 10:17:11 AM
1404,1/1/2000 12:00:00 AM,Labour productivity,"Real estate, rental and leasing",115.9,112.1,124.7,118.9,131.7,97.2,118.5,128.4,87.9,138.1,122,5/20/2021 10:17:11 AM
1405,1/1/2000 12:00:00 AM,Labour productivity,Retail trade,24.8,23.8,22.2,21.6,21,21.6,18.9,21.5,22.7,21.7,22.3,5/20/2021 10:17:11 AM
1406,1/1/2000 12:00:00 AM,Labour productivity,Transportation and warehousing,56,42.6,39.8,32.1,26.6,34.2,34.1,40.8,34.8,32.3,47.5,5/20/2021 10:17:11 AM
1407,1/1/2000 12:00:00 AM,Labour productivity,Utilities,127.9,166.8,161.5,149.1,149,84.6,165.3,145.1,99.4,222.3,219.3,5/20/2021 10:17:11 AM
1408,1/1/2000 12:00:00 AM,Labour productivity,Wholesale trade,50.5,33.3,39.9,36.9,32.2,30.2,27,41.2,20.3,38.3,40.3,5/20/2021 10:17:11 AM
1409,1/1/2001 12:00:00 AM,Labour productivity,Accommodation and food services,23.2,20.8,20.3,18.4,14.6,16.6,17,21.4,14.5,19,15.7,5/20/2021 10:17:11 AM
1410,1/1/2001 12:00:00 AM,Labour productivity,"Administrative and support, waste management and remediation services",37.6,29.3,31.6,27,25.4,26.1,23.7,33.7,22.3,29.2,19.9,5/20/2021 10:17:11 AM
1411,1/1/2001 12:00:00 AM,Labour productivity,"Agriculture, forestry, fishing and hunting",30.4,28.8,32.9,37.5,25,28.7,26.7,28.4,18.9,39.2,57,5/20/2021 10:17:11 AM
1412,1/1/2001 12:00:00 AM,Labour productivity,"Arts, entertainment and recreation",26.4,27.1,31.6,34.6,27.3,14.2,22.5,34.3,15.8,32.5,50.6,5/20/2021 10:17:11 AM
1413,1/1/2001 12:00:00 AM,Labour productivity,Business sector industries,68.8,42.3,48,40.8,38.6,61.9,35.9,46.2,30.3,43.4,69.8,5/20/2021 10:17:11 AM
1414,1/1/2001 12:00:00 AM,Labour productivity,Construction,53,43.8,50.1,40.3,41.9,48.9,46.9,54.1,28.3,47.1,69.6,5/20/2021 10:17:11 AM
1415,1/1/2001 12:00:00 AM,Labour productivity,Educational services,16.8,21.6,21.9,14.7,26.9,26.1,23.1,21.3,15.4,20.5,72.7,5/20/2021 10:17:11 AM
1416,1/1/2001 12:00:00 AM,Labour productivity,Finance and insurance,57.2,50,56.6,54.6,63.6,50.3,52.2,61.9,67.7,50,47.6,5/20/2021 10:17:11 AM
1417,1/1/2001 12:00:00 AM,Labour productivity,Health care and social assistance,44.7,49,48.9,43.5,38.8,41,39.3,48.9,42.7,51.6,39.6,5/20/2021 10:17:11 AM
1418,1/1/2001 12:00:00 AM,Labour productivity,Information and cultural industries,88.7,59.5,74.9,81.2,72.2,90.8,80.1,79.6,88.9,71.3,51.5,5/20/2021 10:17:11 AM
1419,1/1/2001 12:00:00 AM,Labour productivity,Manufacturing,80.1,41,52.5,43.9,53.2,25.8,31.1,52.3,47.3,51.6,60.1,5/20/2021 10:17:11 AM
1420,1/1/2001 12:00:00 AM,Labour productivity,Mining and oil and gas extraction,312.6,346.1,331.1,233,286.1,733.8,179.6,230.6,157.9,220.6,702.8,5/20/2021 10:17:11 AM
1421,1/1/2001 12:00:00 AM,Labour productivity,Other private services,26.9,22.4,21.3,22.3,17.9,16.5,17.1,21.4,16.2,19.3,19.1,5/20/2021 10:17:11 AM
1422,1/1/2001 12:00:00 AM,Labour productivity,"Professional, scientific and technical services",53.8,41.4,48.2,44.6,42.3,57,37.8,48.8,37.5,48.6,45.2,5/20/2021 10:17:11 AM
1423,1/1/2001 12:00:00 AM,Labour productivity,"Real estate, rental and leasing",109.7,122.2,129.9,132.1,127.5,109.6,113.5,133.7,78.9,147.1,133.1,5/20/2021 10:17:11 AM
1424,1/1/2001 12:00:00 AM,Labour productivity,Retail trade,26.2,24.4,23.2,22.8,22.3,21.9,20.3,22.3,23.8,23.3,23.4,5/20/2021 10:17:11 AM
1425,1/1/2001 12:00:00 AM,Labour productivity,Transportation and warehousing,58,45.9,41.2,32.8,26.9,34.2,33.6,41.6,32.8,33.5,52.9,5/20/2021 10:17:11 AM
1426,1/1/2001 12:00:00 AM,Labour productivity,Utilities,140.6,139.5,156.7,140.7,167.5,78.1,156.4,135.8,113.9,224.8,255.2,5/20/2021 10:17:11 AM
1427,1/1/2001 12:00:00 AM,Labour productivity,Wholesale trade,51.1,34.6,40.6,38.3,34.8,28.9,26.2,41.4,19,39.3,44.6,5/20/2021 10:17:11 AM
1428,1/1/2002 12:00:00 AM,Labour productivity,Accommodation and food services,24.7,22,20.7,16.3,14.7,17.6,17.6,21.2,13.7,19.8,15.2,5/20/2021 10:17:11 AM
1429,1/1/2002 12:00:00 AM,Labour productivity,"Administrative and support, waste management and remediation services",38.4,29.7,31.6,29.3,26.6,26.4,24.3,33.2,23.9,29.4,20.4,5/20/2021 10:17:11 AM
1430,1/1/2002 12:00:00 AM,Labour productivity,"Agriculture, forestry, fishing and hunting",24.1,30,31.3,30.1,25.1,30,25.6,30.1,25.2,36,49.4,5/20/2021 10:17:11 AM
1431,1/1/2002 12:00:00 AM,Labour productivity,"Arts, entertainment and recreation",28.1,25.5,30,33.3,28,14.2,21.3,31.9,14.1,30.3,51,5/20/2021 10:17:11 AM
1432,1/1/2002 12:00:00 AM,Labour productivity,Business sector industries,69.3,43.8,48.9,41,39,77.1,36.9,47.4,31.7,43.4,69.6,5/20/2021 10:17:11 AM
1433,1/1/2002 12:00:00 AM,Labour productivity,Construction,55.2,45.4,51.1,39.8,41.2,46.8,46.5,54.9,31.2,48.6,65.3,5/20/2021 10:17:11 AM
1434,1/1/2002 12:00:00 AM,Labour productivity,Educational services,17.8,21.3,21.3,15,25.8,23.1,22.9,21.5,15.3,20.6,47.9,5/20/2021 10:17:11 AM
1435,1/1/2002 12:00:00 AM,Labour productivity,Finance and insurance,63.2,54.3,59.4,58.7,62.2,56.5,55.2,64.3,69.8,51.9,49.9,5/20/2021 10:17:11 AM
1436,1/1/2002 12:00:00 AM,Labour productivity,Health care and social assistance,49,48.7,49.1,40.9,37.2,42.9,39.1,49,39.6,50.8,41.3,5/20/2021 10:17:11 AM
1437,1/1/2002 12:00:00 AM,Labour productivity,Information and cultural industries,86.2,65.2,79.1,83.8,81.5,107.8,89.7,83.9,100,76.5,54,5/20/2021 10:17:11 AM
1438,1/1/2002 12:00:00 AM,Labour productivity,Manufacturing,78.5,43.2,53.8,45.2,55.6,33.6,33.3,54.6,46.8,51.1,55.8,5/20/2021 10:17:11 AM
1439,1/1/2002 12:00:00 AM,Labour productivity,Mining and oil and gas extraction,323.2,331.1,352,283.4,212.9,1342.3,202.8,219.2,269.2,216.7,813.3,5/20/2021 10:17:11 AM
1440,1/1/2002 12:00:00 AM,Labour productivity,Other private services,27.4,22.5,21.9,23,19.1,17.6,18.4,22.5,16.5,19.6,19.2,5/20/2021 10:17:11 AM
1441,1/1/2002 12:00:00 AM,Labour productivity,"Professional, scientific and technical services",58.4,41.3,49.1,47.6,44.7,54.3,38.1,50.2,37.4,47.6,43.7,5/20/2021 10:17:11 AM
1442,1/1/2002 12:00:00 AM,Labour productivity,"Real estate, rental and leasing",110,130.3,133.3,136.2,118.7,111.7,113.1,140.2,80.7,142.2,137.5,5/20/2021 10:17:11 AM
1443,1/1/2002 12:00:00 AM,Labour productivity,Retail trade,26.8,25.3,24,24.4,21.5,21.7,21.4,23.9,23.2,23.2,21.7,5/20/2021 10:17:11 AM
1444,1/1/2002 12:00:00 AM,Labour productivity,Transportation and warehousing,59.6,46.2,41.1,32.8,29,36.6,33.9,40.9,37,32.7,54.6,5/20/2021 10:17:11 AM
1445,1/1/2002 12:00:00 AM,Labour productivity,Utilities,136.7,185,168,140.4,153.9,94.2,169.5,142.6,99.9,253,263.7,5/20/2021 10:17:11 AM
1446,1/1/2002 12:00:00 AM,Labour productivity,Wholesale trade,52,36.1,41.8,41.5,38.1,29.3,26.5,42.9,20.1,40,44.1,5/20/2021 10:17:11 AM
1447,1/1/2003 12:00:00 AM,Labour productivity,Accommodation and food services,24.3,20.8,20.4,16.4,15.2,17.9,17.7,20.5,14.5,20.2,15,5/20/2021 10:17:11 AM
1448,1/1/2003 12:00:00 AM,Labour productivity,"Administrative and support, waste management and remediation services",41.1,27.7,31.2,28.4,25,25.3,24.5,31.7,24,30.8,22.5,5/20/2021 10:17:11 AM
1449,1/1/2003 12:00:00 AM,Labour productivity,"Agriculture, forestry, fishing and hunting",32.8,30.5,32.8,33.1,23.4,31.6,26.1,27.4,24,36.1,51.8,5/20/2021 10:17:11 AM
1450,1/1/2003 12:00:00 AM,Labour productivity,"Arts, entertainment and recreation",26.2,24.3,28.7,31.1,27.2,12.1,20.4,31.5,14.6,29.2,38.9,5/20/2021 10:17:11 AM
1451,1/1/2003 12:00:00 AM,Labour productivity,Business sector industries,69.5,43.5,48.9,40.7,39.8,82.2,36.9,47,31.9,43.8,71.9,5/20/2021 10:17:11 AM
1452,1/1/2003 12:00:00 AM,Labour productivity,Construction,54,46.2,51.9,38.6,46.7,46.8,46,56.3,32.2,50.5,65.7,5/20/2021 10:17:11 AM
1453,1/1/2003 12:00:00 AM,Labour productivity,Educational services,18.4,20,20.5,14.9,23.8,19.6,22.8,21.1,15.9,20.2,35,5/20/2021 10:17:11 AM
1454,1/1/2003 12:00:00 AM,Labour productivity,Finance and insurance,62,54.7,60.1,59.5,64.8,57.1,59.4,65.1,75.8,52.9,50.5,5/20/2021 10:17:11 AM
1455,1/1/2003 12:00:00 AM,Labour productivity,Health care and social assistance,47.1,51.6,48.8,41.1,37,46.6,39,47.8,42,50.9,42.5,5/20/2021 10:17:11 AM
1456,1/1/2003 12:00:00 AM,Labour productivity,Information and cultural industries,92.1,74.1,81.3,84.4,83.2,104.8,88.4,82.9,98.2,78.8,55,5/20/2021 10:17:11 AM
1457,1/1/2003 12:00:00 AM,Labour productivity,Manufacturing,74.9,42.7,53,44.7,57.8,33.9,34.5,53.6,44.2,50.5,56.8,5/20/2021 10:17:11 AM
1458,1/1/2003 12:00:00 AM,Labour productivity,Mining and oil and gas extraction,296.1,340,346.7,302.1,251.5,1700.8,186,220.9,175.3,247.9,827.1,5/20/2021 10:17:11 AM
1459,1/1/2003 12:00:00 AM,Labour productivity,Other private services,27.6,22.8,22.1,22.7,19.2,17.5,18.5,22,18,20.6,19.4,5/20/2021 10:17:11 AM
1460,1/1/2003 12:00:00 AM,Labour productivity,"Professional, scientific and technical services",58.9,39.8,48.8,45.7,43.2,54.1,36.6,49.6,39.1,48.1,45.7,5/20/2021 10:17:11 AM
1461,1/1/2003 12:00:00 AM,Labour productivity,"Real estate, rental and leasing",111.9,128.5,127.7,122.1,116.8,112.9,105.1,131.6,70.5,133,147.2,5/20/2021 10:17:11 AM
1462,1/1/2003 12:00:00 AM,Labour productivity,Retail trade,26.8,25,24,24.6,22.2,22,21,23.5,23.6,23.6,22,5/20/2021 10:17:11 AM
1463,1/1/2003 12:00:00 AM,Labour productivity,Transportation and warehousing,60.9,45.7,41.7,33.6,28.5,37.5,33.4,41.7,38.5,33.4,53.7,5/20/2021 10:17:11 AM
1464,1/1/2003 12:00:00 AM,Labour productivity,Utilities,134.8,200.1,162.2,101.1,150.9,96.1,170.1,141.8,103.8,226,252,5/20/2021 10:17:11 AM
1465,1/1/2003 12:00:00 AM,Labour productivity,Wholesale trade,55.7,37.2,43.8,43.7,39.2,30.5,27.4,44.5,21.6,42.4,45,5/20/2021 10:17:11 AM
1466,1/1/2004 12:00:00 AM,Labour productivity,Accommodation and food services,25.2,21.4,20.9,16.8,15.5,18.1,17.6,20.7,15.2,21.1,16.2,5/20/2021 10:17:11 AM
1467,1/1/2004 12:00:00 AM,Labour productivity,"Administrative and support, waste management and remediation services",40.8,29.6,32.1,30.2,24.9,27.3,25.9,32.5,24.5,31.7,22.9,5/20/2021 10:17:11 AM
1468,1/1/2004 12:00:00 AM,Labour productivity,"Agriculture, forestry, fishing and hunting",39,31.6,35.2,32,24.8,33.9,24.2,27.9,29,39.5,54.7,5/20/2021 10:17:11 AM
1469,1/1/2004 12:00:00 AM,Labour productivity,"Arts, entertainment and recreation",24.1,24.8,27.7,29.9,26.2,12.5,18.9,29.4,15.1,30.2,32.4,5/20/2021 10:17:11 AM
1470,1/1/2004 12:00:00 AM,Labour productivity,Business sector industries,71.2,43.9,49.4,41.7,40.2,79.3,36.5,47.1,33.6,44.1,75,5/20/2021 10:17:11 AM
1471,1/1/2004 12:00:00 AM,Labour productivity,Construction,55.5,44.5,51.6,38.6,40.5,50,44.6,54.8,33.8,51.8,67.7,5/20/2021 10:17:11 AM
1472,1/1/2004 12:00:00 AM,Labour productivity,Educational services,19.7,21.7,21.4,16.7,25.6,20.4,23.7,22.5,20.6,20.6,17.3,5/20/2021 10:17:11 AM
1473,1/1/2004 12:00:00 AM,Labour productivity,Finance and insurance,61.9,54.4,60.4,61.5,64.1,55.9,57.8,65.1,79,53.8,54.3,5/20/2021 10:17:11 AM
1474,1/1/2004 12:00:00 AM,Labour productivity,Health care and social assistance,46.9,48.5,48.4,40.5,37.9,44.6,39.1,47.8,45.3,50.3,45.6,5/20/2021 10:17:11 AM
1475,1/1/2004 12:00:00 AM,Labour productivity,Information and cultural industries,109.7,74.6,83.8,82.7,86.2,94.9,83.9,87.5,102.6,75.1,56.2,5/20/2021 10:17:11 AM
1476,1/1/2004 12:00:00 AM,Labour productivity,Manufacturing,79.7,44.8,54.2,47.3,59,31.1,36.3,54.1,41.8,51.6,63,5/20/2021 10:17:11 AM
1477,1/1/2004 12:00:00 AM,Labour productivity,Mining and oil and gas extraction,285.1,299.9,326.7,303.4,228,1454.5,169.4,206.1,24.3,204.3,759.6,5/20/2021 10:17:11 AM
1478,1/1/2004 12:00:00 AM,Labour productivity,Other private services,28.6,22.8,22.6,23.3,19.1,18.7,19,22.5,19.3,21.1,19.8,5/20/2021 10:17:11 AM
1479,1/1/2004 12:00:00 AM,Labour productivity,"Professional, scientific and technical services",57.3,40.4,48.5,45,40.5,54.1,35.3,49.3,37.4,48.2,47.3,5/20/2021 10:17:11 AM
1480,1/1/2004 12:00:00 AM,Labour productivity,"Real estate, rental and leasing",112.1,128,127.7,123.5,127.6,113,105,131.6,71.2,131.7,148.1,5/20/2021 10:17:11 AM
1481,1/1/2004 12:00:00 AM,Labour productivity,Retail trade,27.6,25.3,24.1,24.8,22.2,22.6,20.5,23.6,24.9,23.3,23,5/20/2021 10:17:11 AM
1482,1/1/2004 12:00:00 AM,Labour productivity,Transportation and warehousing,58.9,46.7,41.8,33.8,28.7,36.4,35.5,41.5,41.3,33.3,56,5/20/2021 10:17:11 AM
1483,1/1/2004 12:00:00 AM,Labour productivity,Utilities,125.4,226.5,159.2,123.9,163.5,94.1,179.4,132.9,113.9,225.5,250,5/20/2021 10:17:11 AM
1484,1/1/2004 12:00:00 AM,Labour productivity,Wholesale trade,58.1,36.4,44.1,45.6,47,31.4,27.9,44.3,23.5,41.8,52.3,5/20/2021 10:17:11 AM
1485,1/1/2005 12:00:00 AM,Labour productivity,Accommodation and food services,26.7,21.3,21.2,16.9,16.2,18.6,18,20.8,16.8,21.3,16,5/20/2021 10:17:11 AM
1486,1/1/2005 12:00:00 AM,Labour productivity,"Administrative and support, waste management and remediation services",42.3,30.6,32.4,29.3,24.3,26.9,25.5,32.9,24.6,31.3,23,5/20/2021 10:17:11 AM
1487,1/1/2005 12:00:00 AM,Labour productivity,"Agriculture, forestry, fishing and hunting",41.2,31.2,36.2,37.7,24.9,30.6,23.8,30.1,30.5,37,63.3,5/20/2021 10:17:11 AM
1488,1/1/2005 12:00:00 AM,Labour productivity,"Arts, entertainment and recreation",25.1,25.1,28.7,30,27.2,12.4,19.8,30.9,18.6,31.2,29.9,5/20/2021 10:17:11 AM
1489,1/1/2005 12:00:00 AM,Labour productivity,Business sector industries,72.7,45.1,50.6,43.2,41.6,81,36.2,48.5,33.5,44.6,76.3,5/20/2021 10:17:11 AM
1490,1/1/2005 12:00:00 AM,Labour productivity,Construction,55.5,44.3,51.3,39.4,41.5,50.3,40.5,55.2,31.3,49.5,68.5,5/20/2021 10:17:11 AM
1491,1/1/2005 12:00:00 AM,Labour productivity,Educational services,24,23.5,23.5,19.5,27.6,21,27.5,24.1,24.2,22.8,18,5/20/2021 10:17:11 AM
1492,1/1/2005 12:00:00 AM,Labour productivity,Finance and insurance,64.1,54.9,60.3,64.5,69.6,54,58.6,64.6,70.4,52.5,54.7,5/20/2021 10:17:11 AM
1493,1/1/2005 12:00:00 AM,Labour productivity,Health care and social assistance,51.6,49.6,50.2,39.5,38.5,42.6,38.9,49.6,36.5,52.4,45.3,5/20/2021 10:17:11 AM
1494,1/1/2005 12:00:00 AM,Labour productivity,Information and cultural industries,113.5,83,89.1,91.6,92.6,97.6,92,93.1,116,77.5,59.8,5/20/2021 10:17:11 AM
1495,1/1/2005 12:00:00 AM,Labour productivity,Manufacturing,87.2,45.4,56.3,48.5,54.2,32.2,34.9,56.5,36.8,53.5,65.2,5/20/2021 10:17:11 AM
1496,1/1/2005 12:00:00 AM,Labour productivity,Mining and oil and gas extraction,259,291.9,300.6,316.8,204.3,1310.6,186.9,186.5,18.9,194.3,659.5,5/20/2021 10:17:11 AM
1497,1/1/2005 12:00:00 AM,Labour productivity,Other private services,30.3,23.9,23.5,22.2,18.8,18.2,20.3,23.1,19.2,22.3,20.8,5/20/2021 10:17:11 AM
1498,1/1/2005 12:00:00 AM,Labour productivity,"Professional, scientific and technical services",59.2,41.3,48.8,44.7,40.9,54.9,34.3,49.2,36,48.1,50.7,5/20/2021 10:17:11 AM
1499,1/1/2005 12:00:00 AM,Labour productivity,"Real estate, rental and leasing",107.3,123.7,126.3,118.2,131.9,129.9,102,131.8,84.9,131.3,152.5,5/20/2021 10:17:11 AM
1500,1/1/2005 12:00:00 AM,Labour productivity,Retail trade,29.5,25.5,24.9,24.9,23.2,23.3,20.7,24.6,25.2,23.6,24.8,5/20/2021 10:17:11 AM
1501,1/1/2005 12:00:00 AM,Labour productivity,Transportation and warehousing,63,52.5,44.5,34.9,30.7,41,32.8,43.7,44.7,35,57.8,5/20/2021 10:17:11 AM
1502,1/1/2005 12:00:00 AM,Labour productivity,Utilities,129.4,193.7,165,160.1,189.8,102.3,161.6,143.3,128.3,219.2,277.3,5/20/2021 10:17:11 AM
1503,1/1/2005 12:00:00 AM,Labour productivity,Wholesale trade,60.3,37.4,46.2,47.3,55.3,33.8,27.5,46.7,23,43.4,54.5,5/20/2021 10:17:11 AM
1504,1/1/2006 12:00:00 AM,Labour productivity,Accommodation and food services,27.4,22,21.2,16.3,16,17.7,17.3,20.9,16.8,20.5,16.2,5/20/2021 10:17:11 AM
1505,1/1/2006 12:00:00 AM,Labour productivity,"Administrative and support, waste management and remediation services",42.9,30,32,28.7,23.9,27.9,25.6,32,25.4,31.7,22.9,5/20/2021 10:17:11 AM
1506,1/1/2006 12:00:00 AM,Labour productivity,"Agriculture, forestry, fishing and hunting",37.9,33.6,35.2,42.2,25.1,29,25.7,28.4,27.1,36.9,52.7,5/20/2021 10:17:11 AM
1507,1/1/2006 12:00:00 AM,Labour productivity,"Arts, entertainment and recreation",25.2,26.3,28.4,27.1,26.3,12.1,20.1,30.9,17.7,29.9,23.1,5/20/2021 10:17:11 AM
1508,1/1/2006 12:00:00 AM,Labour productivity,Business sector industries,73.3,46.3,51.2,44.4,41.3,82.4,36.5,48.9,34.1,45,73,5/20/2021 10:17:11 AM
1509,1/1/2006 12:00:00 AM,Labour productivity,Construction,55,42.3,50.7,38,42.1,45.7,38.7,55.1,34.4,50,60.3,5/20/2021 10:17:11 AM
1510,1/1/2006 12:00:00 AM,Labour productivity,Educational services,26.7,23.9,25,19.3,25.9,18.4,25.3,25.9,23.9,25.4,19.6,5/20/2021 10:17:11 AM
1511,1/1/2006 12:00:00 AM,Labour productivity,Finance and insurance,70,60.3,63.3,68.2,70,52.8,62.8,66.4,74.8,56,57.2,5/20/2021 10:17:11 AM
1512,1/1/2006 12:00:00 AM,Labour productivity,Health care and social assistance,52.1,50.1,48.9,38.5,37.2,40.2,38.6,48.1,39.5,49.7,45.6,5/20/2021 10:17:11 AM
1513,1/1/2006 12:00:00 AM,Labour productivity,Information and cultural industries,125.4,87.6,92.8,95,95.4,98.3,94.5,95.9,117.6,79.9,61.2,5/20/2021 10:17:11 AM
1514,1/1/2006 12:00:00 AM,Labour productivity,Manufacturing,84.9,50,57.3,47.4,52.3,34.2,32.1,57.7,38.3,54.1,64.7,5/20/2021 10:17:11 AM
1515,1/1/2006 12:00:00 AM,Labour productivity,Mining and oil and gas extraction,240,244.8,271.1,338.4,269.2,1240.7,168.7,141.3,25.2,178.7,556.8,5/20/2021 10:17:11 AM
1516,1/1/2006 12:00:00 AM,Labour productivity,Other private services,31.8,24.3,23.5,23.6,18,17.7,21.7,22.5,20,22,20.5,5/20/2021 10:17:11 AM
1517,1/1/2006 12:00:00 AM,Labour productivity,"Professional, scientific and technical services",61.2,43.2,49.8,45.5,39.6,53,35.7,50.1,38.5,48.3,47.5,5/20/2021 10:17:11 AM
1518,1/1/2006 12:00:00 AM,Labour productivity,"Real estate, rental and leasing",106.7,125.7,124.2,121.3,145.1,130.4,108.2,126.1,82.4,131.1,136.4,5/20/2021 10:17:11 AM
1519,1/1/2006 12:00:00 AM,Labour productivity,Retail trade,32,27.9,26.3,27,23.5,23.2,21.5,25.7,26.9,24.5,26.5,5/20/2021 10:17:11 AM
1520,1/1/2006 12:00:00 AM,Labour productivity,Transportation and warehousing,65,51.2,44.2,35.3,32.5,38.4,34.5,42.5,43.8,34.5,56.2,5/20/2021 10:17:11 AM
1521,1/1/2006 12:00:00 AM,Labour productivity,Utilities,130.9,161.6,162.5,154.1,171.7,98,207.4,142.1,135.3,221.4,273,5/20/2021 10:17:11 AM
1522,1/1/2006 12:00:00 AM,Labour productivity,Wholesale trade,65.8,40.3,49.5,50.9,56.3,36,30.9,50.2,24,45.1,57.4,5/20/2021 10:17:11 AM
1523,1/1/2007 12:00:00 AM,Labour productivity,Accommodation and food services,26.8,21.7,21.1,16.7,15.5,18.2,16.3,20.7,16.2,20.7,17,5/20/2021 10:17:11 AM
1524,1/1/2007 12:00:00 AM,Labour productivity,"Administrative and support, waste management and remediation services",45.1,32.5,33.2,31,27.1,29.7,24.6,32.2,25,33.5,24.9,5/20/2021 10:17:11 AM
1525,1/1/2007 12:00:00 AM,Labour productivity,"Agriculture, forestry, fishing and hunting",31.8,33.4,31.3,34.4,22.9,34.2,24.9,24.4,31.2,32.8,42.4,5/20/2021 10:17:11 AM
1526,1/1/2007 12:00:00 AM,Labour productivity,"Arts, entertainment and recreation",25.6,26.3,28.6,28.3,25.3,15.8,17.4,30.7,20.6,30.7,27.2,5/20/2021 10:17:11 AM
1527,1/1/2007 12:00:00 AM,Labour productivity,Business sector industries,71.1,45.9,51.4,44.6,40.7,93.6,35.9,48.7,34.8,45.9,74.4,5/20/2021 10:17:11 AM
1528,1/1/2007 12:00:00 AM,Labour productivity,Construction,55.3,41.3,50,36.1,40.9,42.3,36.1,54.3,34.7,49.5,56.6,5/20/2021 10:17:11 AM
1529,1/1/2007 12:00:00 AM,Labour productivity,Educational services,27.9,23.6,24.7,18.1,28.5,16.5,27.2,24.6,21,26.1,24.4,5/20/2021 10:17:11 AM
1530,1/1/2007 12:00:00 AM,Labour productivity,Finance and insurance,71.2,60.8,65.1,72.3,66.2,51.6,65.1,68.3,68.1,58.7,58.3,5/20/2021 10:17:11 AM
1531,1/1/2007 12:00:00 AM,Labour productivity,Health care and social assistance,50.5,49.4,46.8,40,38.8,41.5,39.8,45.7,38.5,45.2,43.9,5/20/2021 10:17:11 AM
1532,1/1/2007 12:00:00 AM,Labour productivity,Information and cultural industries,126.2,87.1,90,96.4,79.8,82.8,94.2,89,117.8,81.2,67.5,5/20/2021 10:17:11 AM
1533,1/1/2007 12:00:00 AM,Labour productivity,Manufacturing,84.2,49.2,57.1,48.3,51.6,33.3,32.4,57,39.1,54.9,68.7,5/20/2021 10:17:11 AM
1534,1/1/2007 12:00:00 AM,Labour productivity,Mining and oil and gas extraction,235.4,204.1,267.6,303.2,229.1,1480.2,178.2,132.4,41.9,181.6,585.5,5/20/2021 10:17:11 AM
1535,1/1/2007 12:00:00 AM,Labour productivity,Other private services,31.4,23.7,22.7,21.7,18.3,18.8,19.4,21,19.4,21.9,21.9,5/20/2021 10:17:11 AM
1536,1/1/2007 12:00:00 AM,Labour productivity,"Professional, scientific and technical services",60.9,43.8,49.7,45.8,39.6,53.7,35.1,49.9,38.1,48,49.4,5/20/2021 10:17:11 AM
1537,1/1/2007 12:00:00 AM,Labour productivity,"Real estate, rental and leasing",108.2,128.7,123.8,119.4,146,121.9,104.4,123.9,85.5,130.8,139.4,5/20/2021 10:17:11 AM
1538,1/1/2007 12:00:00 AM,Labour productivity,Retail trade,32.2,28.2,27.1,29,23.6,24.4,21.4,26.6,27.8,25.4,28.4,5/20/2021 10:17:11 AM
1539,1/1/2007 12:00:00 AM,Labour productivity,Transportation and warehousing,64.5,48,44.1,35.7,32.7,38.7,32.7,42.8,42.2,36.2,54.7,5/20/2021 10:17:11 AM
1540,1/1/2007 12:00:00 AM,Labour productivity,Utilities,123.2,209.9,170.5,161.3,160.8,98.7,234.9,139,114.1,255.7,237.9,5/20/2021 10:17:11 AM
1541,1/1/2007 12:00:00 AM,Labour productivity,Wholesale trade,62.9,43.6,51.4,54.4,57.1,38,32.1,52.4,29.3,47.5,66.5,5/20/2021 10:17:11 AM
1542,1/1/2008 12:00:00 AM,Labour productivity,Accommodation and food services,26.3,21.6,20.8,16.5,15.9,18.3,16.3,20.6,16.3,19.7,17.2,5/20/2021 10:17:11 AM
1543,1/1/2008 12:00:00 AM,Labour productivity,"Administrative and support, waste management and remediation services",44.3,31.9,31.8,31,27.1,29.1,24.2,30.5,25.3,31.6,25.4,5/20/2021 10:17:11 AM
1544,1/1/2008 12:00:00 AM,Labour productivity,"Agriculture, forestry, fishing and hunting",37,33,35.2,45.7,26.1,41.5,28.8,26.5,30,33.1,57.1,5/20/2021 10:17:11 AM
1545,1/1/2008 12:00:00 AM,Labour productivity,"Arts, entertainment and recreation",25.6,27,27.9,28,25,18.5,18.4,29.8,20.9,28.9,28.2,5/20/2021 10:17:11 AM
1546,1/1/2008 12:00:00 AM,Labour productivity,Business sector industries,69.7,45.3,50.8,45.6,40.5,90,36.5,48.1,35,45.4,76.1,5/20/2021 10:17:11 AM
1547,1/1/2008 12:00:00 AM,Labour productivity,Construction,53.2,41,47.9,37.6,40.7,42.5,35.3,51.2,32.5,46.3,55.3,5/20/2021 10:17:11 AM
1548,1/1/2008 12:00:00 AM,Labour productivity,Educational services,29.1,21.5,23.9,19.3,26.1,16.9,25.8,24.9,19.4,23.3,24.6,5/20/2021 10:17:11 AM
1549,1/1/2008 12:00:00 AM,Labour productivity,Finance and insurance,71.1,58.4,62.9,66.3,61,54.3,60.1,66.7,67.3,55.7,57.6,5/20/2021 10:17:11 AM
1550,1/1/2008 12:00:00 AM,Labour productivity,Health care and social assistance,50,46.7,46.3,40.8,37.6,42.5,39.4,44.8,38,45.9,46.4,5/20/2021 10:17:11 AM
1551,1/1/2008 12:00:00 AM,Labour productivity,Information and cultural industries,124.8,89.5,89.6,93,80.5,88.6,92.9,91.3,119.4,74.6,69.8,5/20/2021 10:17:11 AM
1552,1/1/2008 12:00:00 AM,Labour productivity,Manufacturing,87.9,49.8,57.9,49.1,49.3,36.7,33.3,56.9,40.1,57,73.6,5/20/2021 10:17:11 AM
1553,1/1/2008 12:00:00 AM,Labour productivity,Mining and oil and gas extraction,217,205.7,245.1,267.4,231.9,1199.7,184.6,127.1,55.9,175,514.9,5/20/2021 10:17:11 AM
1554,1/1/2008 12:00:00 AM,Labour productivity,Other private services,30.5,22.7,22.6,21.2,18.5,19.6,19.5,21.4,19.2,21.4,23.2,5/20/2021 10:17:11 AM
1555,1/1/2008 12:00:00 AM,Labour productivity,"Professional, scientific and technical services",61.3,45.3,49.3,45.5,40.9,54.3,36.5,48.4,40.6,47.3,53.3,5/20/2021 10:17:11 AM
1556,1/1/2008 12:00:00 AM,Labour productivity,"Real estate, rental and leasing",111.3,126.4,122.9,129.9,135.6,115.7,100,123.8,77.8,126.1,140.7,5/20/2021 10:17:11 AM
1557,1/1/2008 12:00:00 AM,Labour productivity,Retail trade,32.7,26.9,27.6,29.5,24.1,25.5,23,27.6,29.6,26.1,29.4,5/20/2021 10:17:11 AM
1558,1/1/2008 12:00:00 AM,Labour productivity,Transportation and warehousing,65.9,48.2,44.8,37.3,33.4,42.9,35.7,43.3,42.2,36.4,57.1,5/20/2021 10:17:11 AM
1559,1/1/2008 12:00:00 AM,Labour productivity,Utilities,119.7,203.4,172.6,155.2,138.1,96.6,217.8,146,112.8,271.6,257.2,5/20/2021 10:17:11 AM
1560,1/1/2008 12:00:00 AM,Labour productivity,Wholesale trade,62.6,41.9,51.1,55.2,53.1,40.7,29.2,51.6,31,48.5,71.7,5/20/2021 10:17:11 AM
1561,1/1/2009 12:00:00 AM,Labour productivity,Accommodation and food services,27.3,21.6,21.4,16.5,16.1,20.7,16.5,21.3,17.2,20.4,18.6,5/20/2021 10:17:11 AM
1562,1/1/2009 12:00:00 AM,Labour productivity,"Administrative and support, waste management and remediation services",44.3,32.5,32.2,31.9,28.3,32.8,23.7,30.9,25.1,31.7,26.9,5/20/2021 10:17:11 AM
1563,1/1/2009 12:00:00 AM,Labour productivity,"Agriculture, forestry, fishing and hunting",32.7,31.6,34.1,43.6,28.5,49.2,28.9,25.7,30.3,33.5,59,5/20/2021 10:17:11 AM
1564,1/1/2009 12:00:00 AM,Labour productivity,"Arts, entertainment and recreation",24.3,26.5,28.1,27.6,23.3,22.1,19.2,30.9,21.5,28.7,28.2,5/20/2021 10:17:11 AM
1565,1/1/2009 12:00:00 AM,Labour productivity,Business sector industries,68.7,45.9,50.5,46,39.7,84.6,36.3,48,35.6,45.8,71.6,5/20/2021 10:17:11 AM
1566,1/1/2009 12:00:00 AM,Labour productivity,Construction,50.7,44,48.6,40,37.1,44.5,39.1,52.3,33.5,49.5,58.4,5/20/2021 10:17:11 AM
1567,1/1/2009 12:00:00 AM,Labour productivity,Educational services,29.4,23.3,25.3,20.2,24.5,18,23.4,26.4,20.5,23,23,5/20/2021 10:17:11 AM
1568,1/1/2009 12:00:00 AM,Labour productivity,Finance and insurance,68.6,60.4,64.6,63,60,57.7,59.8,69.1,70.7,58.2,58.7,5/20/2021 10:17:11 AM
1569,1/1/2009 12:00:00 AM,Labour productivity,Health care and social assistance,48.8,44.8,45.9,41.8,36.9,41,38.2,45,37.2,46.2,48.6,5/20/2021 10:17:11 AM
1570,1/1/2009 12:00:00 AM,Labour productivity,Information and cultural industries,129.7,90.6,90.2,95.2,81.8,115.3,94.6,88.3,136.4,77.5,76.6,5/20/2021 10:17:11 AM
1571,1/1/2009 12:00:00 AM,Labour productivity,Manufacturing,81.9,49,56.1,48.1,49.8,37.6,34.5,54.5,40.8,56.3,75.3,5/20/2021 10:17:11 AM
1572,1/1/2009 12:00:00 AM,Labour productivity,Mining and oil and gas extraction,216.6,228.6,239.2,293.2,152.2,1287.6,147.2,101.2,38.9,172.6,454.4,5/20/2021 10:17:11 AM
1573,1/1/2009 12:00:00 AM,Labour productivity,Other private services,31.9,21.8,22.6,21.2,18.4,21.1,19.8,21.3,19.2,21.2,24.2,5/20/2021 10:17:11 AM
1574,1/1/2009 12:00:00 AM,Labour productivity,"Professional, scientific and technical services",62.4,45.1,50.3,45.2,39.9,57.8,38.3,50,39.2,48.1,51,5/20/2021 10:17:11 AM
1575,1/1/2009 12:00:00 AM,Labour productivity,"Real estate, rental and leasing",115.8,130.4,127.9,139.6,136.3,114,106.5,129.9,87.5,129.1,153.4,5/20/2021 10:17:11 AM
1576,1/1/2009 12:00:00 AM,Labour productivity,Retail trade,31,27.7,27.4,29.4,23.9,27.1,22.7,27.4,30.4,25.5,30.2,5/20/2021 10:17:11 AM
1577,1/1/2009 12:00:00 AM,Labour productivity,Transportation and warehousing,65,50.8,45.2,40.2,38,44.3,33.6,41.3,41.4,38.8,54.4,5/20/2021 10:17:11 AM
1578,1/1/2009 12:00:00 AM,Labour productivity,Utilities,111.8,170.6,161.6,147.9,137,100.5,191.3,139.2,119.5,251.8,266.5,5/20/2021 10:17:11 AM
1579,1/1/2009 12:00:00 AM,Labour productivity,Wholesale trade,59.2,42.3,51.2,57.2,54.9,38.6,29.5,53.6,28.8,47.9,62.5,5/20/2021 10:17:11 AM
1580,1/1/2010 12:00:00 AM,Labour productivity,Accommodation and food services,25.9,20.8,20.9,16.5,15.8,20.1,16.8,21.3,17.8,19.7,18,5/20/2021 10:17:11 AM
1581,1/1/2010 12:00:00 AM,Labour productivity,"Administrative and support, waste management and remediation services",41.9,32.4,32,31.9,29.6,32.8,23.1,31,25.3,31.3,27.5,5/20/2021 10:17:11 AM
1582,1/1/2010 12:00:00 AM,Labour productivity,"Agriculture, forestry, fishing and hunting",40.3,34.1,35.6,38.9,30.5,48.3,30.2,27.3,33.3,37.9,47.9,5/20/2021 10:17:11 AM
1583,1/1/2010 12:00:00 AM,Labour productivity,"Arts, entertainment and recreation",25,26.3,27.8,27.2,25,22.3,22.1,30,20.8,27.9,27.1,5/20/2021 10:17:11 AM
1584,1/1/2010 12:00:00 AM,Labour productivity,Business sector industries,71.1,45.9,51.2,46.9,40.8,85,37,48.4,36,45.2,74.5,5/20/2021 10:17:11 AM
1585,1/1/2010 12:00:00 AM,Labour productivity,Construction,55.1,43.7,49,41.6,37.4,45.2,38.7,50.3,32.8,47.7,61.6,5/20/2021 10:17:11 AM
1586,1/1/2010 12:00:00 AM,Labour productivity,Educational services,28.4,22.3,23.8,19.5,25.7,20,26.9,24.1,22.6,22.3,21,5/20/2021 10:17:11 AM
1587,1/1/2010 12:00:00 AM,Labour productivity,Finance and insurance,67.2,61.9,63.8,66,61.8,55.6,54.6,67.4,66.1,57.1,57.6,5/20/2021 10:17:11 AM
1588,1/1/2010 12:00:00 AM,Labour productivity,Health care and social assistance,51.8,44,45.3,45.4,35,40,39.1,44,37.5,46.4,48.9,5/20/2021 10:17:11 AM
1589,1/1/2010 12:00:00 AM,Labour productivity,Information and cultural industries,133.8,88.6,91.3,102.5,86.6,128.5,106.2,91.5,143.8,73.4,79.6,5/20/2021 10:17:11 AM
1590,1/1/2010 12:00:00 AM,Labour productivity,Manufacturing,84.6,51.1,57.6,48.4,52.7,37.7,36.5,57.2,42.9,54.6,79.7,5/20/2021 10:17:11 AM
1591,1/1/2010 12:00:00 AM,Labour productivity,Mining and oil and gas extraction,216.8,223.8,241.5,294,167.6,1099.4,155.3,101.9,29.7,166.3,470.8,5/20/2021 10:17:11 AM
1592,1/1/2010 12:00:00 AM,Labour productivity,Other private services,31.3,21.6,22.3,20.1,17.3,21.5,19.3,20.9,19.1,21.3,23.6,5/20/2021 10:17:11 AM
1593,1/1/2010 12:00:00 AM,Labour productivity,"Professional, scientific and technical services",63.5,44,49.4,45.5,40.8,54,38.2,49.1,38.1,46.3,51.1,5/20/2021 10:17:11 AM
1594,1/1/2010 12:00:00 AM,Labour productivity,"Real estate, rental and leasing",119.6,133.4,127.5,140.5,135.9,107.2,106.2,127.6,90,126,158,5/20/2021 10:17:11 AM
1595,1/1/2010 12:00:00 AM,Labour productivity,Retail trade,32,28.3,27.8,31.4,24.7,27.6,23,28,31.6,25.2,30.8,5/20/2021 10:17:11 AM
1596,1/1/2010 12:00:00 AM,Labour productivity,Transportation and warehousing,64.1,48.2,44.6,39.9,39.7,43.4,34.8,40.7,37.5,38.8,50.4,5/20/2021 10:17:11 AM
1597,1/1/2010 12:00:00 AM,Labour productivity,Utilities,112.3,127.3,155.5,144.3,153.2,122.1,197.2,133.6,144,243.8,251.1,5/20/2021 10:17:11 AM
1598,1/1/2010 12:00:00 AM,Labour productivity,Wholesale trade,64.7,42.7,54.8,59.2,53.8,41.5,34.3,57.7,29.7,50.6,67.9,5/20/2021 10:17:11 AM
1599,1/1/2011 12:00:00 AM,Labour productivity,Accommodation and food services,25.2,21.1,21.1,17.6,16.6,20.4,17.3,21.1,18.1,20.2,19.3,5/20/2021 10:17:11 AM
1600,1/1/2011 12:00:00 AM,Labour productivity,"Administrative and support, waste management and remediation services",43.3,33.5,32.4,34.7,28.2,32,24.6,30.7,25.3,31.9,27.9,5/20/2021 10:17:11 AM
1601,1/1/2011 12:00:00 AM,Labour productivity,"Agriculture, forestry, fishing and hunting",41.1,37.7,36.9,35.1,29.7,47.8,30.7,27.2,29.6,36.1,59.7,5/20/2021 10:17:11 AM
1602,1/1/2011 12:00:00 AM,Labour productivity,"Arts, entertainment and recreation",25.5,26.6,27.9,28,28.2,23.6,21.5,30,21.3,28.4,27.9,5/20/2021 10:17:11 AM
1603,1/1/2011 12:00:00 AM,Labour productivity,Business sector industries,72.7,47.8,52.2,48.3,41.8,82.2,37.2,48.8,35.3,45.8,78.2,5/20/2021 10:17:11 AM
1604,1/1/2011 12:00:00 AM,Labour productivity,Construction,58.1,44.7,49.4,41,38,45.2,32.9,49.3,35.2,48.8,54.6,5/20/2021 10:17:11 AM
1605,1/1/2011 12:00:00 AM,Labour productivity,Educational services,27.3,23.5,24.5,22.7,27.2,21.5,29.3,24.4,22.6,22.6,24.9,5/20/2021 10:17:11 AM
1606,1/1/2011 12:00:00 AM,Labour productivity,Finance and insurance,70.8,64.9,64.7,70.8,62.8,53.9,57.5,66.8,67.4,57.4,62.4,5/20/2021 10:17:11 AM
1607,1/1/2011 12:00:00 AM,Labour productivity,Health care and social assistance,49.9,46.1,46.1,46.6,36.3,37.7,39.4,44.3,34.1,49.1,51.1,5/20/2021 10:17:11 AM
1608,1/1/2011 12:00:00 AM,Labour productivity,Information and cultural industries,135.8,86.3,90.6,104.4,89.4,135.1,93.7,92.2,140.4,71.9,78.9,5/20/2021 10:17:11 AM
1609,1/1/2011 12:00:00 AM,Labour productivity,Manufacturing,84.8,53.8,58.9,50.7,53.4,36.4,39.3,58.4,40.4,55.2,80.6,5/20/2021 10:17:11 AM
1610,1/1/2011 12:00:00 AM,Labour productivity,Mining and oil and gas extraction,210.8,199.8,231.4,311,162.4,880.6,164.7,122.6,32.7,130.7,474.3,5/20/2021 10:17:11 AM
1611,1/1/2011 12:00:00 AM,Labour productivity,Other private services,31.6,23,23,21.3,18.7,21.7,19.5,20.8,19.3,22.3,25.9,5/20/2021 10:17:11 AM
1612,1/1/2011 12:00:00 AM,Labour productivity,"Professional, scientific and technical services",65.6,45.6,49.7,46.8,40.6,55.5,39.4,48,35.3,46.8,54.7,5/20/2021 10:17:11 AM
1613,1/1/2011 12:00:00 AM,Labour productivity,"Real estate, rental and leasing",128.4,138.3,132.1,149.2,154.4,110.3,111.4,131.9,95.4,125.6,168,5/20/2021 10:17:11 AM
1614,1/1/2011 12:00:00 AM,Labour productivity,Retail trade,32.6,29.1,28.1,31.9,26,28.1,23.5,27.3,30.2,26.1,32.1,5/20/2021 10:17:11 AM
1615,1/1/2011 12:00:00 AM,Labour productivity,Transportation and warehousing,62.9,49.7,45.6,41.1,43,40.9,34.5,41.6,36.6,39.7,54.1,5/20/2021 10:17:11 AM
1616,1/1/2011 12:00:00 AM,Labour productivity,Utilities,125.5,138.2,151,145.1,165.3,116,212.5,127.7,157.6,205.5,206.2,5/20/2021 10:17:11 AM
1617,1/1/2011 12:00:00 AM,Labour productivity,Wholesale trade,72.7,45.6,58,58.9,51.7,48.2,37.5,61.4,30.1,49.6,79.5,5/20/2021 10:17:11 AM
1618,1/1/2012 12:00:00 AM,Labour productivity,Accommodation and food services,25.7,19.7,21,17.3,15.8,20.3,17.6,21.5,17.2,19.8,19.8,5/20/2021 10:17:11 AM
1619,1/1/2012 12:00:00 AM,Labour productivity,"Administrative and support, waste management and remediation services",44.3,34.5,33.3,36.5,28.3,33.2,24.8,31.2,26.4,33,30.3,5/20/2021 10:17:11 AM
1620,1/1/2012 12:00:00 AM,Labour productivity,"Agriculture, forestry, fishing and hunting",42.5,37.4,37.5,44.6,31,44.4,30.5,27.4,32,35.6,58.8,5/20/2021 10:17:11 AM
1621,1/1/2012 12:00:00 AM,Labour productivity,"Arts, entertainment and recreation",26.6,27.3,28.7,28.3,29.5,24.7,24.4,30.3,19.1,28.6,27.5,5/20/2021 10:17:11 AM
1622,1/1/2012 12:00:00 AM,Labour productivity,Business sector industries,72.5,47.8,52.3,48.8,40.4,72.1,36.2,49,34.5,46.3,76,5/20/2021 10:17:11 AM
1623,1/1/2012 12:00:00 AM,Labour productivity,Construction,58.6,46.6,49.4,38.7,35.7,41.9,32,47.7,31.4,50.2,52.7,5/20/2021 10:17:11 AM
1624,1/1/2012 12:00:00 AM,Labour productivity,Educational services,27.7,22.8,24,21.6,25.2,21.6,26.9,24.6,18.3,21.6,23.5,5/20/2021 10:17:11 AM
1625,1/1/2012 12:00:00 AM,Labour productivity,Finance and insurance,73.6,63.2,66.2,72.2,64.5,59.6,60.8,67.6,68.7,60.7,67.3,5/20/2021 10:17:11 AM
1626,1/1/2012 12:00:00 AM,Labour productivity,Health care and social assistance,49.5,45.2,45.8,47.5,36,37.7,40.6,44.4,31,49,49.8,5/20/2021 10:17:11 AM
1627,1/1/2012 12:00:00 AM,Labour productivity,Information and cultural industries,136.4,84.6,90.6,102.9,85.8,140.8,93.8,92.5,129.8,72,81.9,5/20/2021 10:17:11 AM
1628,1/1/2012 12:00:00 AM,Labour productivity,Manufacturing,86.8,53,59.9,52.5,47.9,45.9,39.2,59.9,41,55.7,83.8,5/20/2021 10:17:11 AM
1629,1/1/2012 12:00:00 AM,Labour productivity,Mining and oil and gas extraction,200.7,200.2,215,243.9,133.3,619.5,97.1,119.4,55.1,124.4,427.5,5/20/2021 10:17:11 AM
1630,1/1/2012 12:00:00 AM,Labour productivity,Other private services,32.7,22.5,23.1,21.1,17.7,21.8,19.4,20.8,18.8,22.3,25.9,5/20/2021 10:17:11 AM
1631,1/1/2012 12:00:00 AM,Labour productivity,"Professional, scientific and technical services",64.9,47.2,50.7,47.7,43.3,52.6,39.8,49.2,33.4,47.8,55.4,5/20/2021 10:17:11 AM
1632,1/1/2012 12:00:00 AM,Labour productivity,"Real estate, rental and leasing",122.8,131.4,129.4,154.4,159,107.7,112.5,129,93.5,126.8,167.3,5/20/2021 10:17:11 AM
1633,1/1/2012 12:00:00 AM,Labour productivity,Retail trade,33.2,29.3,27.9,30.7,26.5,29.3,21.4,27.1,28.5,25.7,31.9,5/20/2021 10:17:11 AM
1634,1/1/2012 12:00:00 AM,Labour productivity,Transportation and warehousing,63.8,50.4,45.9,43.4,41.3,41.7,35.6,41.5,37.8,39.8,52.2,5/20/2021 10:17:11 AM
1635,1/1/2012 12:00:00 AM,Labour productivity,Utilities,139.1,172.2,162.1,136.8,136.4,109.7,181.4,133.8,160.7,226.5,259.8,5/20/2021 10:17:11 AM
1636,1/1/2012 12:00:00 AM,Labour productivity,Wholesale trade,72.4,47.6,58.5,57,45.6,52.6,35.5,61.5,31.2,50,81.3,5/20/2021 10:17:11 AM
1637,1/1/2013 12:00:00 AM,Labour productivity,Accommodation and food services,26.9,20.6,21.5,17.8,15.7,21.4,16.8,21.7,19.5,20,20,5/20/2021 10:17:11 AM
1638,1/1/2013 12:00:00 AM,Labour productivity,"Administrative and support, waste management and remediation services",43.7,35.1,32.8,35.1,27.4,36,23.9,30.4,28.8,32.2,30.7,5/20/2021 10:17:11 AM
1639,1/1/2013 12:00:00 AM,Labour productivity,"Agriculture, forestry, fishing and hunting",46.4,38.2,42.6,58.2,31.4,47.7,30,29.1,29.8,37.2,78.4,5/20/2021 10:17:11 AM
1640,1/1/2013 12:00:00 AM,Labour productivity,"Arts, entertainment and recreation",26.1,26.3,27.4,25.7,29.7,25.6,25.4,28.7,20.7,27,29.1,5/20/2021 10:17:11 AM
1641,1/1/2013 12:00:00 AM,Labour productivity,Business sector industries,74.8,49.3,53.2,50.4,40.9,76,37,49,34.6,46.5,78,5/20/2021 10:17:11 AM
1642,1/1/2013 12:00:00 AM,Labour productivity,Construction,60.5,46.8,50.3,37.8,34.9,40.4,33.2,48.3,29.6,49.1,54.2,5/20/2021 10:17:11 AM
1643,1/1/2013 12:00:00 AM,Labour productivity,Educational services,25.8,20.7,22.2,18.8,24,21.1,24.1,23.3,19,20.1,22.8,5/20/2021 10:17:11 AM
1644,1/1/2013 12:00:00 AM,Labour productivity,Finance and insurance,74.2,66.6,67.9,75.1,62.9,64.2,59.9,68.9,68.3,63.3,64.5,5/20/2021 10:17:11 AM
1645,1/1/2013 12:00:00 AM,Labour productivity,Health care and social assistance,49.6,45.1,44.9,48,35.3,40.4,39.7,43.1,29,46.8,47.9,5/20/2021 10:17:11 AM
1646,1/1/2013 12:00:00 AM,Labour productivity,Information and cultural industries,146.3,82.6,92.6,105.1,78.6,169.3,92.7,92.6,123.2,78.6,73.3,5/20/2021 10:17:11 AM
1647,1/1/2013 12:00:00 AM,Labour productivity,Manufacturing,97.5,54.5,60.7,55.1,49.9,46.8,40.7,59.5,44.1,55,89.4,5/20/2021 10:17:11 AM
1648,1/1/2013 12:00:00 AM,Labour productivity,Mining and oil and gas extraction,207.3,185.7,216.2,221.5,93.1,656.1,91.9,124.1,39.8,129.2,375.1,5/20/2021 10:17:11 AM
1649,1/1/2013 12:00:00 AM,Labour productivity,Other private services,35.1,24,23.3,21.3,18.6,24.4,19.6,21.2,17.9,20,26,5/20/2021 10:17:11 AM
1650,1/1/2013 12:00:00 AM,Labour productivity,"Professional, scientific and technical services",66.1,50.1,50.7,49.1,41.6,51.8,40.8,47,34.9,49.3,54.4,5/20/2021 10:17:11 AM
1651,1/1/2013 12:00:00 AM,Labour productivity,"Real estate, rental and leasing",120.4,141.9,132.7,152.1,192.9,104.9,116.3,130.8,91.3,133.1,161.4,5/20/2021 10:17:11 AM
1652,1/1/2013 12:00:00 AM,Labour productivity,Retail trade,35.1,30.9,28.9,31.5,28,32.6,23,27.4,28.5,26.7,32.1,5/20/2021 10:17:11 AM
1653,1/1/2013 12:00:00 AM,Labour productivity,Transportation and warehousing,67.1,52.9,46.4,43.2,42.1,42.6,36,41.2,35.3,39.5,54.2,5/20/2021 10:17:11 AM
1654,1/1/2013 12:00:00 AM,Labour productivity,Utilities,131.2,202.9,167.6,197.4,181.2,116.5,184.6,136.7,163.1,218.9,226.1,5/20/2021 10:17:11 AM
1655,1/1/2013 12:00:00 AM,Labour productivity,Wholesale trade,76.5,48.7,61.2,61.8,50.3,56.5,39.2,64.8,31.8,51.8,80,5/20/2021 10:17:11 AM
1656,1/1/2014 12:00:00 AM,Labour productivity,Accommodation and food services,27.3,21.7,22.3,18.9,16.3,20.1,18,22.4,18.3,21.1,19.5,5/20/2021 10:17:11 AM
1657,1/1/2014 12:00:00 AM,Labour productivity,"Administrative and support, waste management and remediation services",46.4,34.9,33.1,35,28.7,35.8,24.4,30.4,29.5,32.3,31.4,5/20/2021 10:17:11 AM
1658,1/1/2014 12:00:00 AM,Labour productivity,"Agriculture, forestry, fishing and hunting",46.9,56.2,46.6,51.4,36.9,44.9,33.4,32.2,31.1,47.6,68.9,5/20/2021 10:17:11 AM
1659,1/1/2014 12:00:00 AM,Labour productivity,"Arts, entertainment and recreation",27.4,28.3,28.6,28.1,27.6,24,28.1,31.3,22.7,28.1,27.6,5/20/2021 10:17:11 AM
1660,1/1/2014 12:00:00 AM,Labour productivity,Business sector industries,78.2,52,55.1,51.7,41.5,75.5,38.1,50.3,34.3,47.9,79.8,5/20/2021 10:17:11 AM
1661,1/1/2014 12:00:00 AM,Labour productivity,Construction,60.1,49.8,50.7,40.3,35.9,44.4,33.1,48.7,24.7,47,53.6,5/20/2021 10:17:11 AM
1662,1/1/2014 12:00:00 AM,Labour productivity,Educational services,23.9,22,22.1,19.9,22.4,19.1,26,23,17.4,20.5,22.5,5/20/2021 10:17:11 AM
1663,1/1/2014 12:00:00 AM,Labour productivity,Finance and insurance,73.8,68.8,68.7,75.8,66.1,66.1,59.8,70.5,66.3,61.5,64,5/20/2021 10:17:11 AM
1664,1/1/2014 12:00:00 AM,Labour productivity,Health care and social assistance,50.6,47,45.5,45.1,35.8,38.6,38.7,43.5,28.1,48.4,48,5/20/2021 10:17:11 AM
1665,1/1/2014 12:00:00 AM,Labour productivity,Information and cultural industries,170.9,84,97,108.5,82.7,170,96.2,96.5,131.8,81.1,79.1,5/20/2021 10:17:11 AM
1666,1/1/2014 12:00:00 AM,Labour productivity,Manufacturing,97.1,57.7,62.7,55.3,46.1,49.7,40.8,62.2,43.3,56.6,93.1,5/20/2021 10:17:11 AM
1667,1/1/2014 12:00:00 AM,Labour productivity,Mining and oil and gas extraction,228.2,196.3,238.1,223.3,94.2,643.5,147.4,135.5,30.6,165.8,405.4,5/20/2021 10:17:11 AM
1668,1/1/2014 12:00:00 AM,Labour productivity,Other private services,35.6,24.9,24.6,24.4,19.6,24.5,20.2,22.5,18.4,21.5,27.6,5/20/2021 10:17:11 AM
1669,1/1/2014 12:00:00 AM,Labour productivity,"Professional, scientific and technical services",69.1,53.8,53.2,50.4,41.1,57.6,40.6,49.7,36,50.1,55.3,5/20/2021 10:17:11 AM
1670,1/1/2014 12:00:00 AM,Labour productivity,"Real estate, rental and leasing",125.1,152.9,137.9,165.3,173.4,131.6,116,130.4,97.6,146.5,168.8,5/20/2021 10:17:11 AM
1671,1/1/2014 12:00:00 AM,Labour productivity,Retail trade,37.5,32.3,29.8,33.1,29.2,34.4,23.6,27.7,28.9,27.5,32.2,5/20/2021 10:17:11 AM
1672,1/1/2014 12:00:00 AM,Labour productivity,Transportation and warehousing,69.3,54.1,48.1,46.5,42.4,46.9,36.9,42.3,38.2,41,59.7,5/20/2021 10:17:11 AM
1673,1/1/2014 12:00:00 AM,Labour productivity,Utilities,148.4,195.2,179.9,190.6,185.2,128.9,193.5,149.7,179.8,242.3,231.8,5/20/2021 10:17:11 AM
1674,1/1/2014 12:00:00 AM,Labour productivity,Wholesale trade,78.1,49.9,62.6,66.3,52.4,55.8,40.4,66.2,31.6,53.5,80.1,5/20/2021 10:17:11 AM
1675,1/1/2015 12:00:00 AM,Labour productivity,Accommodation and food services,26.1,22,22,18.3,16.8,20.9,18.8,22.5,19.3,20.6,19.1,5/20/2021 10:17:11 AM
1676,1/1/2015 12:00:00 AM,Labour productivity,"Administrative and support, waste management and remediation services",43.9,35.6,33.2,32.2,29,34.4,24.4,31.1,28.3,32,29.1,5/20/2021 10:17:11 AM
1677,1/1/2015 12:00:00 AM,Labour productivity,"Agriculture, forestry, fishing and hunting",46.5,57.7,48.8,59.5,37.6,44.9,31.8,34.5,33,49.4,74.7,5/20/2021 10:17:11 AM
1678,1/1/2015 12:00:00 AM,Labour productivity,"Arts, entertainment and recreation",27.6,25.9,27.6,25.2,25.4,21,26.7,31.2,13.1,27.2,25,5/20/2021 10:17:11 AM
1679,1/1/2015 12:00:00 AM,Labour productivity,Business sector industries,75.9,52.4,54.9,51.4,42.1,75.5,38.6,51.1,35.6,47.3,79.7,5/20/2021 10:17:11 AM
1680,1/1/2015 12:00:00 AM,Labour productivity,Construction,52.7,49.9,49.7,41.5,37.2,48.4,35.4,51.5,27.4,45.7,51.2,5/20/2021 10:17:11 AM
1681,1/1/2015 12:00:00 AM,Labour productivity,Educational services,23.9,20.5,20.9,17.7,23.7,17.3,22.8,21.7,19.1,21.1,19.5,5/20/2021 10:17:11 AM
1682,1/1/2015 12:00:00 AM,Labour productivity,Finance and insurance,77.5,71.7,71.8,76.2,68.5,73.1,64.5,73.3,68.1,65.2,66.7,5/20/2021 10:17:11 AM
1683,1/1/2015 12:00:00 AM,Labour productivity,Health care and social assistance,49.1,46.8,44.5,45.1,36.7,37.5,37.6,42.4,27.5,46.6,46.7,5/20/2021 10:17:11 AM
1684,1/1/2015 12:00:00 AM,Labour productivity,Information and cultural industries,158.9,82.4,95.2,102.8,87.6,161.2,102.2,94.3,129.3,80.4,83.1,5/20/2021 10:17:11 AM
1685,1/1/2015 12:00:00 AM,Labour productivity,Manufacturing,95.7,59,62.6,53.3,47.7,47.6,41.4,62.8,47.3,55.9,92.3,5/20/2021 10:17:11 AM
1686,1/1/2015 12:00:00 AM,Labour productivity,Mining and oil and gas extraction,272,228.7,273.7,256.6,100,603.2,166,136.4,19.5,199,475.7,5/20/2021 10:17:11 AM
1687,1/1/2015 12:00:00 AM,Labour productivity,Other private services,34.2,23.9,24.3,23.9,19.4,26.5,20.6,22.4,19.5,21.1,28,5/20/2021 10:17:11 AM
1688,1/1/2015 12:00:00 AM,Labour productivity,"Professional, scientific and technical services",66.6,51.7,51.7,49.1,41.6,55.4,41.2,49.7,37.2,47.6,52.5,5/20/2021 10:17:11 AM
1689,1/1/2015 12:00:00 AM,Labour productivity,"Real estate, rental and leasing",123.6,157.1,134.8,156.6,175.4,139.1,117.3,128.1,92.5,133.2,163.7,5/20/2021 10:17:11 AM
1690,1/1/2015 12:00:00 AM,Labour productivity,Retail trade,35.1,32.7,29.7,32.8,28.9,34.5,23.7,28.3,29,27.2,31.7,5/20/2021 10:17:11 AM
1691,1/1/2015 12:00:00 AM,Labour productivity,Transportation and warehousing,68.4,55.5,48.2,49.7,40.9,47.5,36,42.3,41.1,40.3,62.8,5/20/2021 10:17:11 AM
1692,1/1/2015 12:00:00 AM,Labour productivity,Utilities,129.5,219,177.9,197.3,207.5,124,189.9,147.6,169.2,240.4,203.1,5/20/2021 10:17:11 AM
1693,1/1/2015 12:00:00 AM,Labour productivity,Wholesale trade,69.2,50.1,61.4,59.3,52.2,58.9,40.5,67.8,28.4,52.2,73.3,5/20/2021 10:17:11 AM
1694,1/1/2016 12:00:00 AM,Labour productivity,Accommodation and food services,25.5,21.2,22.2,18.9,16.4,21.7,18.9,23.1,21.9,21,19.7,5/20/2021 10:17:11 AM
1695,1/1/2016 12:00:00 AM,Labour productivity,"Administrative and support, waste management and remediation services",44.8,35,33.1,30.9,32.3,31.7,21.8,31.7,30.2,30.2,29.6,5/20/2021 10:17:11 AM
1696,1/1/2016 12:00:00 AM,Labour productivity,"Agriculture, forestry, fishing and hunting",50.9,52.1,50.1,58.3,40.5,49.5,30.1,35.7,31.6,50.3,81.3,5/20/2021 10:17:11 AM
1697,1/1/2016 12:00:00 AM,Labour productivity,"Arts, entertainment and recreation",26.7,25.6,27.3,26,24,19.2,20.6,31.7,12.4,26.6,23.4,5/20/2021 10:17:11 AM
1698,1/1/2016 12:00:00 AM,Labour productivity,Business sector industries,76.2,51.8,55,52.2,42.1,80,39.3,51.6,37.5,47.5,81,5/20/2021 10:17:11 AM
1699,1/1/2016 12:00:00 AM,Labour productivity,Construction,51.4,50.2,49.5,41.9,37.8,49.8,37.4,51.2,30.2,47.3,51.2,5/20/2021 10:17:11 AM
1700,1/1/2016 12:00:00 AM,Labour productivity,Educational services,21.6,19.7,21.1,18.7,25,16.2,21.3,22.6,12.9,20.9,18.4,5/20/2021 10:17:11 AM
1701,1/1/2016 12:00:00 AM,Labour productivity,Finance and insurance,73.6,71.8,72.4,78.2,67.3,78,67.3,75.1,73.1,64.5,65.4,5/20/2021 10:17:11 AM
1702,1/1/2016 12:00:00 AM,Labour productivity,Health care and social assistance,47.5,45.5,44,44.6,36.4,37.7,38,42.7,27.5,45.9,45,5/20/2021 10:17:11 AM
1703,1/1/2016 12:00:00 AM,Labour productivity,Information and cultural industries,157.4,74.8,93.4,100.2,97.5,165.1,107.2,92.8,173.8,80.9,88.6,5/20/2021 10:17:11 AM
1704,1/1/2016 12:00:00 AM,Labour productivity,Manufacturing,99.7,57.5,62.3,53.5,50.7,49.1,41.7,62.7,53.3,54.9,91.1,5/20/2021 10:17:11 AM
1705,1/1/2016 12:00:00 AM,Labour productivity,Mining and oil and gas extraction,323.5,233.6,300.3,286,120.1,739.9,155.9,127.7,38.4,176.6,487,5/20/2021 10:17:11 AM
1706,1/1/2016 12:00:00 AM,Labour productivity,Other private services,33.9,24.6,24.2,23.7,18.4,27.7,21,22.2,20.2,21.1,26.8,5/20/2021 10:17:11 AM
1707,1/1/2016 12:00:00 AM,Labour productivity,"Professional, scientific and technical services",62.2,53,51.6,50,39.3,53.3,42.6,50.3,38.3,48.6,45.9,5/20/2021 10:17:11 AM
1708,1/1/2016 12:00:00 AM,Labour productivity,"Real estate, rental and leasing",126.9,163.1,136.2,169.7,165,140.4,130.1,126.4,91.1,136.8,149.2,5/20/2021 10:17:11 AM
1709,1/1/2016 12:00:00 AM,Labour productivity,Retail trade,35.3,33.1,30.1,32.5,26.9,34.9,26,28.6,30.2,28.1,34.2,5/20/2021 10:17:11 AM
1710,1/1/2016 12:00:00 AM,Labour productivity,Transportation and warehousing,67,54.8,49.1,53.8,39.6,49.5,37.2,43.4,40.4,41.8,69.6,5/20/2021 10:17:11 AM
1711,1/1/2016 12:00:00 AM,Labour productivity,Utilities,136.3,267.1,183.2,196,227,122.2,164.9,148.7,166.1,240.2,214,5/20/2021 10:17:11 AM
1712,1/1/2016 12:00:00 AM,Labour productivity,Wholesale trade,68.2,47.4,61.6,62.4,49.7,59.4,39.9,70.2,29.8,51.7,73.1,5/20/2021 10:17:11 AM
1713,1/1/2017 12:00:00 AM,Labour productivity,Accommodation and food services,25.9,21.5,22.3,19,16.2,23.1,19,23.2,21.3,20.9,19.4,5/20/2021 10:17:11 AM
1714,1/1/2017 12:00:00 AM,Labour productivity,"Administrative and support, waste management and remediation services",46.5,34,33.3,28.9,32.9,30.7,22.1,32,28.9,30.7,30.1,5/20/2021 10:17:11 AM
1715,1/1/2017 12:00:00 AM,Labour productivity,"Agriculture, forestry, fishing and hunting",50.3,53.7,52,72.4,41.4,47.8,29.4,37.8,32.6,52,84.3,5/20/2021 10:17:11 AM
1716,1/1/2017 12:00:00 AM,Labour productivity,"Arts, entertainment and recreation",28.9,30.1,28.9,28.2,25.2,23.4,22,32.8,14.6,26.8,24.4,5/20/2021 10:17:11 AM
1717,1/1/2017 12:00:00 AM,Labour productivity,Business sector industries,78.3,52.2,56.2,53.3,42.8,86.8,40.7,52.6,38.1,48.2,84.2,5/20/2021 10:17:11 AM
1718,1/1/2017 12:00:00 AM,Labour productivity,Construction,51.9,49,49.7,42.3,39.5,54.6,39.9,51.2,32.1,47.4,52.2,5/20/2021 10:17:11 AM
1719,1/1/2017 12:00:00 AM,Labour productivity,Educational services,21.1,21,21.6,19.8,24.8,14.8,20.6,22.6,15.2,21.6,19.3,5/20/2021 10:17:11 AM
1720,1/1/2017 12:00:00 AM,Labour productivity,Finance and insurance,77.7,81.5,77.3,80,75.5,87.3,72.9,79.7,79.4,67.6,71.9,5/20/2021 10:17:11 AM
1721,1/1/2017 12:00:00 AM,Labour productivity,Health care and social assistance,46.8,45.5,43,45.2,36.6,37.9,38.6,40.7,28.8,45.2,44.4,5/20/2021 10:17:11 AM
1722,1/1/2017 12:00:00 AM,Labour productivity,Information and cultural industries,151.2,70.3,94.8,97.4,91,190.9,121.4,100.3,164.6,79.4,85.7,5/20/2021 10:17:11 AM
1723,1/1/2017 12:00:00 AM,Labour productivity,Manufacturing,99.8,58.1,63,55.1,50.1,53.3,43.9,63.2,56.2,55.5,91.6,5/20/2021 10:17:11 AM
1724,1/1/2017 12:00:00 AM,Labour productivity,Mining and oil and gas extraction,317.3,230.1,297.8,269.6,110.9,755.8,151.6,126,43.7,170.4,487.2,5/20/2021 10:17:11 AM
1725,1/1/2017 12:00:00 AM,Labour productivity,Other private services,35.1,24.3,24.9,24.6,18.6,28.8,22.2,22.8,20.1,22,27.4,5/20/2021 10:17:11 AM
1726,1/1/2017 12:00:00 AM,Labour productivity,"Professional, scientific and technical services",65.9,53.1,52,46.9,40.2,56,42,50.5,37.4,48.5,44.5,5/20/2021 10:17:11 AM
1727,1/1/2017 12:00:00 AM,Labour productivity,"Real estate, rental and leasing",131.5,156.1,136.3,159.8,169.8,144,135.4,126.5,87.7,137.2,157.8,5/20/2021 10:17:11 AM
1728,1/1/2017 12:00:00 AM,Labour productivity,Retail trade,34.9,32.6,30.8,32.9,26.9,37,27.1,29.8,28.6,28.7,35.4,5/20/2021 10:17:11 AM
1729,1/1/2017 12:00:00 AM,Labour productivity,Transportation and warehousing,67.6,56.1,50.5,55.8,42.4,50.8,38.9,44.4,39.4,42.6,76.4,5/20/2021 10:17:11 AM
1730,1/1/2017 12:00:00 AM,Labour productivity,Utilities,144.1,277.9,186.9,194.2,212.3,129.7,196.7,150.9,174.2,239.5,222.6,5/20/2021 10:17:11 AM
1731,1/1/2017 12:00:00 AM,Labour productivity,Wholesale trade,67.3,48.7,62.2,62.6,47.7,61.8,39.6,70.5,28.2,52.7,73.5,5/20/2021 10:17:11 AM
1732,1/1/2018 12:00:00 AM,Labour productivity,Accommodation and food services,26.2,21.9,22.6,19.3,16.4,22.4,18.3,23.4,21.9,21.6,19.8,5/20/2021 10:17:11 AM
1733,1/1/2018 12:00:00 AM,Labour productivity,"Administrative and support, waste management and remediation services",48.6,32.4,33.5,28.2,33,29.6,21.1,32.9,29.2,30.5,27.3,5/20/2021 10:17:11 AM
1734,1/1/2018 12:00:00 AM,Labour productivity,"Agriculture, forestry, fishing and hunting",51.4,55.7,55,74.2,41.9,44,29.5,42.9,31.8,52.4,91,5/20/2021 10:17:11 AM
1735,1/1/2018 12:00:00 AM,Labour productivity,"Arts, entertainment and recreation",28.9,28.6,28.4,26.1,26.2,23.2,21.7,31.7,14.1,27.4,22.9,5/20/2021 10:17:11 AM
1736,1/1/2018 12:00:00 AM,Labour productivity,Business sector industries,78.2,53,56.7,53.7,42.7,83.9,39.7,53,37.6,49.1,84.5,5/20/2021 10:17:11 AM
1737,1/1/2018 12:00:00 AM,Labour productivity,Construction,50.5,49.6,48.6,42.5,42.7,48.9,37.3,48.8,29.8,45.3,50.3,5/20/2021 10:17:11 AM
1738,1/1/2018 12:00:00 AM,Labour productivity,Educational services,21.3,20.5,21.7,20.3,24.2,14.5,21.4,23.2,13.9,21.9,20.4,5/20/2021 10:17:11 AM
1739,1/1/2018 12:00:00 AM,Labour productivity,Finance and insurance,82.2,87.4,81.1,84.3,75.9,88.8,70.9,84.3,83.1,70,73.2,5/20/2021 10:17:11 AM
1740,1/1/2018 12:00:00 AM,Labour productivity,Health care and social assistance,45.6,46.1,43.2,46.2,36.4,38.1,37.7,40.7,28.2,47.3,44.7,5/20/2021 10:17:11 AM
1741,1/1/2018 12:00:00 AM,Labour productivity,Information and cultural industries,149.3,76.2,94.8,92.3,98.9,184.6,114.2,96.4,175.5,81.5,88,5/20/2021 10:17:11 AM
1742,1/1/2018 12:00:00 AM,Labour productivity,Manufacturing,97.6,58.8,63.5,54.9,47.6,50.1,43.9,63.9,55.8,56.9,88.8,5/20/2021 10:17:11 AM
1743,1/1/2018 12:00:00 AM,Labour productivity,Mining and oil and gas extraction,324.1,242.8,300.6,267.6,109.7,735.1,184.3,120,41.9,181.7,478.2,5/20/2021 10:17:11 AM
1744,1/1/2018 12:00:00 AM,Labour productivity,Other private services,35.1,24.7,25.1,24.5,19.2,29.2,22,23.2,19.8,22.1,26.8,5/20/2021 10:17:11 AM
1745,1/1/2018 12:00:00 AM,Labour productivity,"Professional, scientific and technical services",59.6,54.5,51.9,48.3,39,53.5,40.8,51.3,36,48.9,43.9,5/20/2021 10:17:11 AM
1746,1/1/2018 12:00:00 AM,Labour productivity,"Real estate, rental and leasing",128.7,156.7,136.7,162.5,163.1,150.6,128.5,129.2,85.2,134.9,151.8,5/20/2021 10:17:11 AM
1747,1/1/2018 12:00:00 AM,Labour productivity,Retail trade,33.9,34,31.4,33.1,27.5,36.8,26.2,30.3,28.3,30.5,34.2,5/20/2021 10:17:11 AM
1748,1/1/2018 12:00:00 AM,Labour productivity,Transportation and warehousing,63.6,56.1,49.1,56.9,38.7,47.7,37.7,43.4,38,41.1,77.3,5/20/2021 10:17:11 AM
1749,1/1/2018 12:00:00 AM,Labour productivity,Utilities,145.4,266.5,189.8,210,214.7,115.5,178.2,160.3,184.8,238.2,230.2,5/20/2021 10:17:11 AM
1750,1/1/2018 12:00:00 AM,Labour productivity,Wholesale trade,67.5,48.3,62,63.2,44.8,60.8,38.3,69.4,29.4,53.7,74.3,5/20/2021 10:17:11 AM
1751,1/1/2019 12:00:00 AM,Labour productivity,Accommodation and food services,27.7,22,23.5,20,16.9,22.6,19.1,24.5,21.1,22.5,19.7,5/20/2021 10:17:11 AM
1752,1/1/2019 12:00:00 AM,Labour productivity,"Administrative and support, waste management and remediation services",51.2,32.7,33.4,28.8,30.3,30.3,20.7,32.5,28.5,30,27.5,5/20/2021 10:17:11 AM
1753,1/1/2019 12:00:00 AM,Labour productivity,"Agriculture, forestry, fishing and hunting",55.7,53.9,58.6,71.9,43.8,49.4,31.1,46.6,36.1,55.2,90.5,5/20/2021 10:17:11 AM
1754,1/1/2019 12:00:00 AM,Labour productivity,"Arts, entertainment and recreation",27.6,30,28.8,27.1,24.9,23.4,22.5,31.1,13.6,28,23,5/20/2021 10:17:11 AM
1755,1/1/2019 12:00:00 AM,Labour productivity,Business sector industries,78.9,53.5,57.1,53.8,43.7,86.9,40.8,52.9,39,50.5,82.4,5/20/2021 10:17:11 AM
1756,1/1/2019 12:00:00 AM,Labour productivity,Construction,48.7,53.5,48.3,43.5,40.5,48.5,37.5,46.9,34,46.9,48.2,5/20/2021 10:17:11 AM
1757,1/1/2019 12:00:00 AM,Labour productivity,Educational services,22.5,21.9,21.9,24.6,22.6,16.1,23.5,22.5,15.5,19.9,21.7,5/20/2021 10:17:11 AM
1758,1/1/2019 12:00:00 AM,Labour productivity,Finance and insurance,85.6,90.4,82.3,81.5,74.6,94.6,74.4,84,86.8,72.6,72.1,5/20/2021 10:17:11 AM
1759,1/1/2019 12:00:00 AM,Labour productivity,Health care and social assistance,47.2,48.9,45.4,45.9,36.9,37.7,39.4,42.5,28.5,50,44.7,5/20/2021 10:17:11 AM
1760,1/1/2019 12:00:00 AM,Labour productivity,Information and cultural industries,159,79.1,100.4,94.5,94.2,184.4,120.5,102.6,171.5,89.4,80.6,5/20/2021 10:17:11 AM
1761,1/1/2019 12:00:00 AM,Labour productivity,Manufacturing,94.1,55.6,62,51.6,48,48.6,45.1,62,57.7,57.6,77.4,5/20/2021 10:17:11 AM
1762,1/1/2019 12:00:00 AM,Labour productivity,Mining and oil and gas extraction,338.1,231.4,301.1,277.4,80.8,730,132.4,114.8,42.4,172.4,446.8,5/20/2021 10:17:11 AM
1763,1/1/2019 12:00:00 AM,Labour productivity,Other private services,38,26.6,25.3,24.4,19.7,29.4,21.7,22.2,19.2,22.6,26.4,5/20/2021 10:17:11 AM
1764,1/1/2019 12:00:00 AM,Labour productivity,"Professional, scientific and technical services",59.3,53,52.2,48.9,40,52.6,41.8,51.6,34,50.7,44.1,5/20/2021 10:17:11 AM
1765,1/1/2019 12:00:00 AM,Labour productivity,"Real estate, rental and leasing",133.3,157.9,138.8,169.7,165.6,155.1,131.4,127.7,81.9,143.9,149.9,5/20/2021 10:17:11 AM
1766,1/1/2019 12:00:00 AM,Labour productivity,Retail trade,32.9,34.1,31.6,32.5,30.6,37,27.5,30.7,29.4,31,34.5,5/20/2021 10:17:11 AM
1767,1/1/2019 12:00:00 AM,Labour productivity,Transportation and warehousing,63.3,55.5,49,60.1,41.8,50.7,39.4,42,40.6,42.7,80.3,5/20/2021 10:17:11 AM
1768,1/1/2019 12:00:00 AM,Labour productivity,Utilities,148.8,297.4,191.5,207.5,233.6,121.4,168.4,152.2,199.4,259.7,220.7,5/20/2021 10:17:11 AM
1769,1/1/2019 12:00:00 AM,Labour productivity,Wholesale trade,67.7,47.6,63.2,64.4,52.2,56.9,41.3,70.7,30.6,56.2,74.9,5/20/2021 10:17:11 AM
1770,1/1/2020 12:00:00 AM,Labour productivity,Accommodation and food services,24.6,19.6,19.6,19.6,14,23.2,15.9,20.5,21,16.4,20.7,5/20/2021 10:17:11 AM
1771,1/1/2020 12:00:00 AM,Labour productivity,"Administrative and support, waste management and remediation services",54.9,33.8,32.2,27.4,28.5,34.7,20.6,30.4,30.3,28.3,25.9,5/20/2021 10:17:11 AM
1772,1/1/2020 12:00:00 AM,Labour productivity,"Agriculture, forestry, fishing and hunting",62.6,58.5,68.9,73.6,52,60.2,33.9,63.6,35.6,56.7,100.5,5/20/2021 10:17:11 AM
1773,1/1/2020 12:00:00 AM,Labour productivity,"Arts, entertainment and recreation",26.8,27.7,25.2,25.7,25.7,24.6,17.4,24.6,12.2,23.3,21.7,5/20/2021 10:17:11 AM
1774,1/1/2020 12:00:00 AM,Labour productivity,Business sector industries,83.5,59.2,61.7,55.8,45.7,98.4,44.8,57.3,41.8,54.1,87.4,5/20/2021 10:17:11 AM
1775,1/1/2020 12:00:00 AM,Labour productivity,Construction,52.8,63.8,56.4,45.2,45.6,50.7,44.9,58.7,37.8,53,52.8,5/20/2021 10:17:11 AM
1776,1/1/2020 12:00:00 AM,Labour productivity,Educational services,23.8,23,24.9,25.8,26.6,21,25.8,23.4,16.4,28.4,25.4,5/20/2021 10:17:11 AM
1777,1/1/2020 12:00:00 AM,Labour productivity,Finance and insurance,76.1,88,92.2,90.5,82.4,115,77.1,100.4,102.9,82.4,79.4,5/20/2021 10:17:11 AM
1778,1/1/2020 12:00:00 AM,Labour productivity,Health care and social assistance,48.6,51.7,48.1,41.7,37.4,43.2,42.4,43.4,27.6,53.5,48.3,5/20/2021 10:17:11 AM
1779,1/1/2020 12:00:00 AM,Labour productivity,Information and cultural industries,157.5,101.3,102,101.9,111.7,209.5,132.6,94.3,164.2,91.2,86.4,5/20/2021 10:17:11 AM
1780,1/1/2020 12:00:00 AM,Labour productivity,Manufacturing,99,62.1,63.1,48.9,51.2,47.8,49.5,61.5,61.4,59.1,80.6,5/20/2021 10:17:11 AM
1781,1/1/2020 12:00:00 AM,Labour productivity,Mining and oil and gas extraction,387.4,276,330.4,280.4,58.2,856.3,149.6,102.4,39.3,173.9,479.4,5/20/2021 10:17:11 AM
1782,1/1/2020 12:00:00 AM,Labour productivity,Other private services,40.5,27.1,26.7,24.5,19.1,27.7,21.3,23.7,17.7,24,25.4,5/20/2021 10:17:11 AM
1783,1/1/2020 12:00:00 AM,Labour productivity,"Professional, scientific and technical services",59.7,55.6,54.8,47.7,44.6,51.8,41.9,53.1,33.5,58.2,41,5/20/2021 10:17:11 AM
1784,1/1/2020 12:00:00 AM,Labour productivity,"Real estate, rental and leasing",166.3,192.3,173,176.1,199.1,191.7,150.4,166.5,96.3,167.3,178.9,5/20/2021 10:17:11 AM
1785,1/1/2020 12:00:00 AM,Labour productivity,Retail trade,35.8,38.6,34.7,37.6,32.2,43.3,32.9,32.9,31,36,36.3,5/20/2021 10:17:11 AM
1786,1/1/2020 12:00:00 AM,Labour productivity,Transportation and warehousing,63.4,51.8,47.3,55.1,38.1,46,39.7,39.8,44.3,39.3,79.8,5/20/2021 10:17:11 AM
1787,1/1/2020 12:00:00 AM,Labour productivity,Utilities,164,278.6,201.1,220,169.3,131.5,123.7,187.8,186.1,230.5,214.2,5/20/2021 10:17:11 AM
1788,1/1/2020 12:00:00 AM,Labour productivity,Wholesale trade,72.8,50.6,69.1,67.2,54.9,44.2,48.9,78.4,33.8,64.5,71.6,5/20/2021 10:17:11 AM
